id,imageUrl,kcalories,class
94,"https://gwhqshlpglptxsexagcz.supabase.co/storage/v1/object/public/images/6a8cf369-8209-4a7e-beb4-7578374b0aee/photo-1762166603752.jpg",0,label
52,"https://gwhqshlpglptxsexagcz.supabase.co/storage/v1/object/public/images/1cb31d81-ddea-4f5e-bbd9-758f10ffb845/photo-1762111715878.jpg",70,product
127,"https://gwhqshlpglptxsexagcz.supabase.co/storage/v1/object/public/images/6a8cf369-8209-4a7e-beb4-7578374b0aee/photo-1762343300174.jpg",130,nutrition_label
202,"https://gwhqshlpglptxsexagcz.supabase.co/storage/v1/object/public/images/1cb31d81-ddea-4f5e-bbd9-758f10ffb845/photo-1762897738099.jpg",150,label
204,"https://gwhqshlpglptxsexagcz.supabase.co/storage/v1/object/public/images/1cb31d81-ddea-4f5e-bbd9-758f10ffb845/photo-1762940023456.jpg",80,product
206,"https://gwhqshlpglptxsexagcz.supabase.co/storage/v1/object/public/images/21c0d998-83d4-46a6-926a-cd0f86d58529/photo-1762940455591.jpg",130,product
208,"https://gwhqshlpglptxsexagcz.supabase.co/storage/v1/object/public/images/21c0d998-83d4-46a6-926a-cd0f86d58529/photo-1762940625723.jpg",120,nutrition_label
210,"https://gwhqshlpglptxsexagcz.supabase.co/storage/v1/object/public/images/1cb31d81-ddea-4f5e-bbd9-758f10ffb845/photo-1762940955604.jpg",147,product
212,"https://gwhqshlpglptxsexagcz.supabase.co/storage/v1/object/public/images/1cb31d81-ddea-4f5e-bbd9-758f10ffb845/photo-1762941285928.jpg",120,label
213,"https://gwhqshlpglptxsexagcz.supabase.co/storage/v1/object/public/images/21c0d998-83d4-46a6-926a-cd0f86d58529/photo-1762941387373.jpg",435,nutrition_label
220,"https://gwhqshlpglptxsexagcz.supabase.co/storage/v1/object/public/images/1cb31d81-ddea-4f5e-bbd9-758f10ffb845/photo-1762951214720.jpg",41,product
224,"https://gwhqshlpglptxsexagcz.supabase.co/storage/v1/object/public/images/1cb31d81-ddea-4f5e-bbd9-758f10ffb845/photo-1762963339362.jpg",128,nutrition_label
226,"https://gwhqshlpglptxsexagcz.supabase.co/storage/v1/object/public/images/1cb31d81-ddea-4f5e-bbd9-758f10ffb845/photo-1763127292858.jpg",269,nutrition_label
225,"https://gwhqshlpglptxsexagcz.supabase.co/storage/v1/object/public/images/1cb31d81-ddea-4f5e-bbd9-758f10ffb845/photo-1763127284359.jpg",339,nutrition_label
227,"https://gwhqshlpglptxsexagcz.supabase.co/storage/v1/object/public/images/1cb31d81-ddea-4f5e-bbd9-758f10ffb845/photo-1763147207349.jpg",179,nutrition_label
233,"https://gwhqshlpglptxsexagcz.supabase.co/storage/v1/object/public/images/1cb31d81-ddea-4f5e-bbd9-758f10ffb845/photo-1763150270235.jpg",41,product
243,"https://gwhqshlpglptxsexagcz.supabase.co/storage/v1/object/public/images/1cb31d81-ddea-4f5e-bbd9-758f10ffb845/photo-1763199208029.jpg",61,product
244,"https://gwhqshlpglptxsexagcz.supabase.co/storage/v1/object/public/images/1cb31d81-ddea-4f5e-bbd9-758f10ffb845/photo-1763199404118.jpg",398,label
245,"https://gwhqshlpglptxsexagcz.supabase.co/storage/v1/object/public/images/1cb31d81-ddea-4f5e-bbd9-758f10ffb845/photo-1763205458897.jpg",100,nutrition_label
249,"https://gwhqshlpglptxsexagcz.supabase.co/storage/v1/object/public/images/69b55e45-6d67-4694-8033-ec22823e3741/photo-1763233500521.jpg",,label
260,"https://gwhqshlpglptxsexagcz.supabase.co/storage/v1/object/public/images/1cb31d81-ddea-4f5e-bbd9-758f10ffb845/photo-1763279633426.jpg",217,nutrition_label
261,"https://gwhqshlpglptxsexagcz.supabase.co/storage/v1/object/public/images/1cb31d81-ddea-4f5e-bbd9-758f10ffb845/photo-1763290127583.jpg",521,nutrition_label
279,"https://gwhqshlpglptxsexagcz.supabase.co/storage/v1/object/public/images/1cb31d81-ddea-4f5e-bbd9-758f10ffb845/photo-1763367663570.jpg",442,nutrition_label
262,"https://gwhqshlpglptxsexagcz.supabase.co/storage/v1/object/public/images/1cb31d81-ddea-4f5e-bbd9-758f10ffb845/photo-1763290335647.jpg",360,label
280,"https://gwhqshlpglptxsexagcz.supabase.co/storage/v1/object/public/images/1cb31d81-ddea-4f5e-bbd9-758f10ffb845/photo-1763377814758.jpg",365,nutrition_label
265,"https://gwhqshlpglptxsexagcz.supabase.co/storage/v1/object/public/images/1cb31d81-ddea-4f5e-bbd9-758f10ffb845/photo-1763292529956.jpg",175,nutrition_label
264,"https://gwhqshlpglptxsexagcz.supabase.co/storage/v1/object/public/images/1cb31d81-ddea-4f5e-bbd9-758f10ffb845/photo-1763292522383.jpg",260,label
266,"https://gwhqshlpglptxsexagcz.supabase.co/storage/v1/object/public/images/1cb31d81-ddea-4f5e-bbd9-758f10ffb845/photo-1763312581942.jpg",193,label
267,"https://gwhqshlpglptxsexagcz.supabase.co/storage/v1/object/public/images/1cb31d81-ddea-4f5e-bbd9-758f10ffb845/photo-1763312595496.jpg",200,nutrition_label
269,"https://gwhqshlpglptxsexagcz.supabase.co/storage/v1/object/public/images/1cb31d81-ddea-4f5e-bbd9-758f10ffb845/photo-1763323281335.jpg",116,nutrition_label
263,"https://gwhqshlpglptxsexagcz.supabase.co/storage/v1/object/public/images/1cb31d81-ddea-4f5e-bbd9-758f10ffb845/photo-1763292464615.jpg",52,nutrition_label
288,"https://gwhqshlpglptxsexagcz.supabase.co/storage/v1/object/public/images/1cb31d81-ddea-4f5e-bbd9-758f10ffb845/photo-1763473146434.jpg",409,label
281,"https://gwhqshlpglptxsexagcz.supabase.co/storage/v1/object/public/images/6a8cf369-8209-4a7e-beb4-7578374b0aee/photo-1763379629463.jpg",176,nutrition_label
282,"https://gwhqshlpglptxsexagcz.supabase.co/storage/v1/object/public/images/1cb31d81-ddea-4f5e-bbd9-758f10ffb845/photo-1763414742774.jpg",210,nutrition_label
284,"https://gwhqshlpglptxsexagcz.supabase.co/storage/v1/object/public/images/1cb31d81-ddea-4f5e-bbd9-758f10ffb845/photo-1763456330457.jpg",150,product
286,"https://gwhqshlpglptxsexagcz.supabase.co/storage/v1/object/public/images/1cb31d81-ddea-4f5e-bbd9-758f10ffb845/photo-1763456999983.jpg",440,nutrition_label
289,"https://gwhqshlpglptxsexagcz.supabase.co/storage/v1/object/public/images/1cb31d81-ddea-4f5e-bbd9-758f10ffb845/photo-1763656113815.jpg",,label
290,"https://gwhqshlpglptxsexagcz.supabase.co/storage/v1/object/public/images/1cb31d81-ddea-4f5e-bbd9-758f10ffb845/photo-1763656149683.jpg",,product
291,"https://gwhqshlpglptxsexagcz.supabase.co/storage/v1/object/public/images/1cb31d81-ddea-4f5e-bbd9-758f10ffb845/photo-1763656175666.jpg",,label
293,"https://gwhqshlpglptxsexagcz.supabase.co/storage/v1/object/public/images/1cb31d81-ddea-4f5e-bbd9-758f10ffb845/photo-1763656228508.jpg",,label
299,"https://gwhqshlpglptxsexagcz.supabase.co/storage/v1/object/public/images/1cb31d81-ddea-4f5e-bbd9-758f10ffb845/photo-1763726277158.jpg",10,non_edible
300,"https://gwhqshlpglptxsexagcz.supabase.co/storage/v1/object/public/images/6a8cf369-8209-4a7e-beb4-7578374b0aee/photo-1763997112405.jpg",405,nutrition_label
315,"https://gwhqshlpglptxsexagcz.supabase.co/storage/v1/object/public/images/1cb31d81-ddea-4f5e-bbd9-758f10ffb845/photo-1764707827784.jpg",147,error
323,"https://gwhqshlpglptxsexagcz.supabase.co/storage/v1/object/public/images/1cb31d81-ddea-4f5e-bbd9-758f10ffb845/photo-1764753736718.jpg",350,error
343,"https://gwhqshlpglptxsexagcz.supabase.co/storage/v1/object/public/images/1cb31d81-ddea-4f5e-bbd9-758f10ffb845/photo-1764790826743.jpg",185,error
345,"https://gwhqshlpglptxsexagcz.supabase.co/storage/v1/object/public/images/1cb31d81-ddea-4f5e-bbd9-758f10ffb845/photo-1764845600026.jpg",200,error
346,"https://gwhqshlpglptxsexagcz.supabase.co/storage/v1/object/public/images/1cb31d81-ddea-4f5e-bbd9-758f10ffb845/photo-1764845626057.jpg",100,error
347,"https://gwhqshlpglptxsexagcz.supabase.co/storage/v1/object/public/images/1cb31d81-ddea-4f5e-bbd9-758f10ffb845/photo-1765106664157.jpg",251,error
389,"https://gwhqshlpglptxsexagcz.supabase.co/storage/v1/object/public/images/6a8cf369-8209-4a7e-beb4-7578374b0aee/photo-1765903266230.jpg",535,nutrition_label
349,"https://gwhqshlpglptxsexagcz.supabase.co/storage/v1/object/public/images/1cb31d81-ddea-4f5e-bbd9-758f10ffb845/photo-1765383340478.jpg",217,error
350,"https://gwhqshlpglptxsexagcz.supabase.co/storage/v1/object/public/images/1cb31d81-ddea-4f5e-bbd9-758f10ffb845/photo-1765383352675.jpg",75,error
351,"https://gwhqshlpglptxsexagcz.supabase.co/storage/v1/object/public/images/1cb31d81-ddea-4f5e-bbd9-758f10ffb845/photo-1765553492931.jpg",474,error
352,"https://gwhqshlpglptxsexagcz.supabase.co/storage/v1/object/public/images/1cb31d81-ddea-4f5e-bbd9-758f10ffb845/photo-1765553531046.jpg",417,error
353,"https://gwhqshlpglptxsexagcz.supabase.co/storage/v1/object/public/images/1cb31d81-ddea-4f5e-bbd9-758f10ffb845/photo-1765636735814.jpg",504,error
355,"https://gwhqshlpglptxsexagcz.supabase.co/storage/v1/object/public/images/6a8cf369-8209-4a7e-beb4-7578374b0aee/photo-1765786633240.jpg",187,nutrition_label
357,"https://gwhqshlpglptxsexagcz.supabase.co/storage/v1/object/public/images/6a8cf369-8209-4a7e-beb4-7578374b0aee/photo-1765799821053.jpg",202,nutrition_label
359,"https://gwhqshlpglptxsexagcz.supabase.co/storage/v1/object/public/images/6a8cf369-8209-4a7e-beb4-7578374b0aee/photo-1765802308208.jpg",130,nutrition_label
377,"https://gwhqshlpglptxsexagcz.supabase.co/storage/v1/object/public/images/1cb31d81-ddea-4f5e-bbd9-758f10ffb845/photo-1765829334597.jpg",104,error
378,"https://gwhqshlpglptxsexagcz.supabase.co/storage/v1/object/public/images/6a8cf369-8209-4a7e-beb4-7578374b0aee/photo-1765833457745.jpg",430,nutrition_label
367,"https://gwhqshlpglptxsexagcz.supabase.co/storage/v1/object/public/images/6a8cf369-8209-4a7e-beb4-7578374b0aee/photo-1765808697317.jpg",488,label
368,"https://gwhqshlpglptxsexagcz.supabase.co/storage/v1/object/public/images/6a8cf369-8209-4a7e-beb4-7578374b0aee/photo-1765809241662.jpg",450,nutrition_label
361,"https://gwhqshlpglptxsexagcz.supabase.co/storage/v1/object/public/images/6a8cf369-8209-4a7e-beb4-7578374b0aee/photo-1765806051364.jpg",41,nutrition_label
375,"https://gwhqshlpglptxsexagcz.supabase.co/storage/v1/object/public/images/1cb31d81-ddea-4f5e-bbd9-758f10ffb845/photo-1765827390559.jpg",350,error
366,"https://gwhqshlpglptxsexagcz.supabase.co/storage/v1/object/public/images/6a8cf369-8209-4a7e-beb4-7578374b0aee/photo-1765808591129.jpg",350,nutrition_label
379,"https://gwhqshlpglptxsexagcz.supabase.co/storage/v1/object/public/images/6a8cf369-8209-4a7e-beb4-7578374b0aee/photo-1765874214205.jpg",560,nutrition_label
381,"https://gwhqshlpglptxsexagcz.supabase.co/storage/v1/object/public/images/6a8cf369-8209-4a7e-beb4-7578374b0aee/photo-1765881932077.jpg",188,nutrition_label
385,"https://gwhqshlpglptxsexagcz.supabase.co/storage/v1/object/public/images/6a8cf369-8209-4a7e-beb4-7578374b0aee/photo-1765892185643.jpg",218,nutrition_label
475,"https://gwhqshlpglptxsexagcz.supabase.co/storage/v1/object/public/images/6a8cf369-8209-4a7e-beb4-7578374b0aee/photo-1766350530651.jpg",327,nutrition_label
410,"https://gwhqshlpglptxsexagcz.supabase.co/storage/v1/object/public/images/6a8cf369-8209-4a7e-beb4-7578374b0aee/photo-1765991369462.jpg",368,nutrition_label
411,"https://gwhqshlpglptxsexagcz.supabase.co/storage/v1/object/public/images/1cb31d81-ddea-4f5e-bbd9-758f10ffb845/photo-1765992202343.jpg",209,error
393,"https://gwhqshlpglptxsexagcz.supabase.co/storage/v1/object/public/images/6a8cf369-8209-4a7e-beb4-7578374b0aee/photo-1765904081113.jpg",416,label
398,"https://gwhqshlpglptxsexagcz.supabase.co/storage/v1/object/public/images/6a8cf369-8209-4a7e-beb4-7578374b0aee/photo-1765915509591.jpg",91,nutrition_label
401,"https://gwhqshlpglptxsexagcz.supabase.co/storage/v1/object/public/images/6a8cf369-8209-4a7e-beb4-7578374b0aee/photo-1765962002849.jpg",326,nutrition_label
402,"https://gwhqshlpglptxsexagcz.supabase.co/storage/v1/object/public/images/6a8cf369-8209-4a7e-beb4-7578374b0aee/photo-1765962115061.jpg",370,nutrition_label
405,"https://gwhqshlpglptxsexagcz.supabase.co/storage/v1/object/public/images/6a8cf369-8209-4a7e-beb4-7578374b0aee/photo-1765970609304.jpg",382,nutrition_label
408,"https://gwhqshlpglptxsexagcz.supabase.co/storage/v1/object/public/images/6a8cf369-8209-4a7e-beb4-7578374b0aee/photo-1765990551164.jpg",45,nutrition_label
409,"https://gwhqshlpglptxsexagcz.supabase.co/storage/v1/object/public/images/6a8cf369-8209-4a7e-beb4-7578374b0aee/photo-1765991204731.jpg",176,label
422,"https://gwhqshlpglptxsexagcz.supabase.co/storage/v1/object/public/images/1cb31d81-ddea-4f5e-bbd9-758f10ffb845/photo-1766060855120.jpg",239,error
414,"https://gwhqshlpglptxsexagcz.supabase.co/storage/v1/object/public/images/6a8cf369-8209-4a7e-beb4-7578374b0aee/photo-1766001730722.jpg",124,label
415,"https://gwhqshlpglptxsexagcz.supabase.co/storage/v1/object/public/images/6a8cf369-8209-4a7e-beb4-7578374b0aee/photo-1766002695129.jpg",120,nutrition_label
416,"https://gwhqshlpglptxsexagcz.supabase.co/storage/v1/object/public/images/6a8cf369-8209-4a7e-beb4-7578374b0aee/photo-1766002731225.jpg",520,nutrition_label
417,"https://gwhqshlpglptxsexagcz.supabase.co/storage/v1/object/public/images/6a8cf369-8209-4a7e-beb4-7578374b0aee/photo-1766004430939.jpg",240,label
418,"https://gwhqshlpglptxsexagcz.supabase.co/storage/v1/object/public/images/6a8cf369-8209-4a7e-beb4-7578374b0aee/photo-1766048119020.jpg",141,nutrition_label
423,"https://gwhqshlpglptxsexagcz.supabase.co/storage/v1/object/public/images/1cb31d81-ddea-4f5e-bbd9-758f10ffb845/photo-1766062494495.jpg",234,error
426,"https://gwhqshlpglptxsexagcz.supabase.co/storage/v1/object/public/images/6a8cf369-8209-4a7e-beb4-7578374b0aee/photo-1766062784869.jpg",319,nutrition_label
427,"https://gwhqshlpglptxsexagcz.supabase.co/storage/v1/object/public/images/6a8cf369-8209-4a7e-beb4-7578374b0aee/photo-1766062808206.jpg",309,nutrition_label
425,"https://gwhqshlpglptxsexagcz.supabase.co/storage/v1/object/public/images/6a8cf369-8209-4a7e-beb4-7578374b0aee/photo-1766062739517.jpg",234,nutrition_label
751,"https://gwhqshlpglptxsexagcz.supabase.co/storage/v1/object/public/images/6a8cf369-8209-4a7e-beb4-7578374b0aee/photo-1768079573566.jpg",350,nutrition_label
429,"https://gwhqshlpglptxsexagcz.supabase.co/storage/v1/object/public/images/6a8cf369-8209-4a7e-beb4-7578374b0aee/photo-1766070235730.jpg",140,label
432,"https://gwhqshlpglptxsexagcz.supabase.co/storage/v1/object/public/images/6a8cf369-8209-4a7e-beb4-7578374b0aee/photo-1766070686199.jpg",270,nutrition_label
434,"https://gwhqshlpglptxsexagcz.supabase.co/storage/v1/object/public/images/6a8cf369-8209-4a7e-beb4-7578374b0aee/photo-1766074938565.jpg",176,nutrition_label
435,"https://gwhqshlpglptxsexagcz.supabase.co/storage/v1/object/public/images/6a8cf369-8209-4a7e-beb4-7578374b0aee/photo-1766085682954.jpg",74,label
436,"https://gwhqshlpglptxsexagcz.supabase.co/storage/v1/object/public/images/6a8cf369-8209-4a7e-beb4-7578374b0aee/photo-1766085760346.jpg",103,nutrition_label
442,"https://gwhqshlpglptxsexagcz.supabase.co/storage/v1/object/public/images/6a8cf369-8209-4a7e-beb4-7578374b0aee/photo-1766125772347.jpg",244,nutrition_label
447,"https://gwhqshlpglptxsexagcz.supabase.co/storage/v1/object/public/images/6a8cf369-8209-4a7e-beb4-7578374b0aee/photo-1766161775201.jpg",127,nutrition_label
451,"https://gwhqshlpglptxsexagcz.supabase.co/storage/v1/object/public/images/6a8cf369-8209-4a7e-beb4-7578374b0aee/photo-1766223449239.jpg",170,nutrition_label
456,"https://gwhqshlpglptxsexagcz.supabase.co/storage/v1/object/public/images/6a8cf369-8209-4a7e-beb4-7578374b0aee/photo-1766246673390.jpg",233,nutrition_label
459,"https://gwhqshlpglptxsexagcz.supabase.co/storage/v1/object/public/images/6a8cf369-8209-4a7e-beb4-7578374b0aee/photo-1766254666766.jpg",288,label
461,"https://gwhqshlpglptxsexagcz.supabase.co/storage/v1/object/public/images/6a8cf369-8209-4a7e-beb4-7578374b0aee/photo-1766261922596.jpg",297,label
464,"https://gwhqshlpglptxsexagcz.supabase.co/storage/v1/object/public/images/6a8cf369-8209-4a7e-beb4-7578374b0aee/photo-1766309723288.jpg",350,nutrition_label
465,"https://gwhqshlpglptxsexagcz.supabase.co/storage/v1/object/public/images/6a8cf369-8209-4a7e-beb4-7578374b0aee/photo-1766309915546.jpg",391,nutrition_label
468,"https://gwhqshlpglptxsexagcz.supabase.co/storage/v1/object/public/images/6a8cf369-8209-4a7e-beb4-7578374b0aee/photo-1766310891039.jpg",244,label
471,"https://gwhqshlpglptxsexagcz.supabase.co/storage/v1/object/public/images/6a8cf369-8209-4a7e-beb4-7578374b0aee/photo-1766340115722.jpg",238,nutrition_label
476,"https://gwhqshlpglptxsexagcz.supabase.co/storage/v1/object/public/images/6a8cf369-8209-4a7e-beb4-7578374b0aee/photo-1766396183848.jpg",263,nutrition_label
478,"https://gwhqshlpglptxsexagcz.supabase.co/storage/v1/object/public/images/6a8cf369-8209-4a7e-beb4-7578374b0aee/photo-1766397270935.jpg",342,label
481,"https://gwhqshlpglptxsexagcz.supabase.co/storage/v1/object/public/images/6a8cf369-8209-4a7e-beb4-7578374b0aee/photo-1766408468851.jpg",91,label
488,"https://gwhqshlpglptxsexagcz.supabase.co/storage/v1/object/public/images/6a8cf369-8209-4a7e-beb4-7578374b0aee/photo-1766436702519.jpg",290,nutrition_label
489,"https://gwhqshlpglptxsexagcz.supabase.co/storage/v1/object/public/images/6a8cf369-8209-4a7e-beb4-7578374b0aee/photo-1766481880431.jpg",350,nutrition_label
497,"https://gwhqshlpglptxsexagcz.supabase.co/storage/v1/object/public/images/6a8cf369-8209-4a7e-beb4-7578374b0aee/photo-1766495955184.jpg",253,nutrition_label
498,"https://gwhqshlpglptxsexagcz.supabase.co/storage/v1/object/public/images/6a8cf369-8209-4a7e-beb4-7578374b0aee/photo-1766498248632.jpg",515,nutrition_label
503,"https://gwhqshlpglptxsexagcz.supabase.co/storage/v1/object/public/images/6a8cf369-8209-4a7e-beb4-7578374b0aee/photo-1766517966819.jpg",430,nutrition_label
516,"https://gwhqshlpglptxsexagcz.supabase.co/storage/v1/object/public/images/6a8cf369-8209-4a7e-beb4-7578374b0aee/photo-1766610289621.jpg",217,nutrition_label
519,"https://gwhqshlpglptxsexagcz.supabase.co/storage/v1/object/public/images/6a8cf369-8209-4a7e-beb4-7578374b0aee/photo-1766611404673.jpg",322,nutrition_label
521,"https://gwhqshlpglptxsexagcz.supabase.co/storage/v1/object/public/images/6a8cf369-8209-4a7e-beb4-7578374b0aee/photo-1766611734880.jpg",223,label
545,"https://gwhqshlpglptxsexagcz.supabase.co/storage/v1/object/public/images/6a8cf369-8209-4a7e-beb4-7578374b0aee/photo-1766752411995.jpg",176,nutrition_label
547,"https://gwhqshlpglptxsexagcz.supabase.co/storage/v1/object/public/images/6a8cf369-8209-4a7e-beb4-7578374b0aee/photo-1766770100521.jpg",169,label
528,"https://gwhqshlpglptxsexagcz.supabase.co/storage/v1/object/public/images/6a8cf369-8209-4a7e-beb4-7578374b0aee/photo-1766668799450.jpg",290,nutrition_label
536,"https://gwhqshlpglptxsexagcz.supabase.co/storage/v1/object/public/images/6a8cf369-8209-4a7e-beb4-7578374b0aee/photo-1766693381701.jpg",188.5,nutrition_label
554,"https://gwhqshlpglptxsexagcz.supabase.co/storage/v1/object/public/images/6a8cf369-8209-4a7e-beb4-7578374b0aee/photo-1766782279931.jpg",96,label
539,"https://gwhqshlpglptxsexagcz.supabase.co/storage/v1/object/public/images/1cb31d81-ddea-4f5e-bbd9-758f10ffb845/photo-1766694584078.jpg",213,error
541,"https://gwhqshlpglptxsexagcz.supabase.co/storage/v1/object/public/images/6a8cf369-8209-4a7e-beb4-7578374b0aee/photo-1766739496656.jpg",232,nutrition_label
542,"https://gwhqshlpglptxsexagcz.supabase.co/storage/v1/object/public/images/6a8cf369-8209-4a7e-beb4-7578374b0aee/photo-1766740018036.jpg",377,nutrition_label
552,"https://gwhqshlpglptxsexagcz.supabase.co/storage/v1/object/public/images/6a8cf369-8209-4a7e-beb4-7578374b0aee/photo-1766775312824.jpg",72,nutrition_label
548,"https://gwhqshlpglptxsexagcz.supabase.co/storage/v1/object/public/images/6a8cf369-8209-4a7e-beb4-7578374b0aee/photo-1766771006756.jpg",439,label
553,"https://gwhqshlpglptxsexagcz.supabase.co/storage/v1/object/public/images/6a8cf369-8209-4a7e-beb4-7578374b0aee/photo-1766781639677.jpg",117,nutrition_label
557,"https://gwhqshlpglptxsexagcz.supabase.co/storage/v1/object/public/images/6a8cf369-8209-4a7e-beb4-7578374b0aee/photo-1766826175609.jpg",324,label
558,"https://gwhqshlpglptxsexagcz.supabase.co/storage/v1/object/public/images/6a8cf369-8209-4a7e-beb4-7578374b0aee/photo-1766826323104.jpg",242,label
563,"https://gwhqshlpglptxsexagcz.supabase.co/storage/v1/object/public/images/6a8cf369-8209-4a7e-beb4-7578374b0aee/photo-1766862151880.jpg",75,nutrition_label
564,"https://gwhqshlpglptxsexagcz.supabase.co/storage/v1/object/public/images/6a8cf369-8209-4a7e-beb4-7578374b0aee/photo-1766862590188.jpg",146,nutrition_label
565,"https://gwhqshlpglptxsexagcz.supabase.co/storage/v1/object/public/images/6a8cf369-8209-4a7e-beb4-7578374b0aee/photo-1766865630937.jpg",273,nutrition_label
566,"https://gwhqshlpglptxsexagcz.supabase.co/storage/v1/object/public/images/6a8cf369-8209-4a7e-beb4-7578374b0aee/photo-1766867821955.jpg",307,nutrition_label
571,"https://gwhqshlpglptxsexagcz.supabase.co/storage/v1/object/public/images/6a8cf369-8209-4a7e-beb4-7578374b0aee/photo-1766921890829.jpg",244,nutrition_label
573,"https://gwhqshlpglptxsexagcz.supabase.co/storage/v1/object/public/images/6a8cf369-8209-4a7e-beb4-7578374b0aee/photo-1766930158737.jpg",225,label
578,"https://gwhqshlpglptxsexagcz.supabase.co/storage/v1/object/public/images/6a8cf369-8209-4a7e-beb4-7578374b0aee/photo-1766956196300.jpg",220,nutrition_label
579,"https://gwhqshlpglptxsexagcz.supabase.co/storage/v1/object/public/images/6a8cf369-8209-4a7e-beb4-7578374b0aee/photo-1766958350437.jpg",122,nutrition_label
590,"https://gwhqshlpglptxsexagcz.supabase.co/storage/v1/object/public/images/6a8cf369-8209-4a7e-beb4-7578374b0aee/photo-1767036568540.jpg",179,label
586,"https://gwhqshlpglptxsexagcz.supabase.co/storage/v1/object/public/images/6a8cf369-8209-4a7e-beb4-7578374b0aee/photo-1767009306002.jpg",189,label
588,"https://gwhqshlpglptxsexagcz.supabase.co/storage/v1/object/public/images/6a8cf369-8209-4a7e-beb4-7578374b0aee/photo-1767027666162.jpg",141,nutrition_label
583,"https://gwhqshlpglptxsexagcz.supabase.co/storage/v1/object/public/images/6a8cf369-8209-4a7e-beb4-7578374b0aee/photo-1767001347494.jpg",316,nutrition_label
589,"https://gwhqshlpglptxsexagcz.supabase.co/storage/v1/object/public/images/6a8cf369-8209-4a7e-beb4-7578374b0aee/photo-1767028482150.jpg",202,nutrition_label
597,"https://gwhqshlpglptxsexagcz.supabase.co/storage/v1/object/public/images/6a8cf369-8209-4a7e-beb4-7578374b0aee/photo-1767084727748.jpg",243,nutrition_label
599,"https://gwhqshlpglptxsexagcz.supabase.co/storage/v1/object/public/images/6a8cf369-8209-4a7e-beb4-7578374b0aee/photo-1767104021978.jpg",200,nutrition_label
657,"https://gwhqshlpglptxsexagcz.supabase.co/storage/v1/object/public/images/6a8cf369-8209-4a7e-beb4-7578374b0aee/photo-1767551611792.jpg",290,nutrition_label
611,"https://gwhqshlpglptxsexagcz.supabase.co/storage/v1/object/public/images/6a8cf369-8209-4a7e-beb4-7578374b0aee/photo-1767218219341.jpg",246,nutrition_label
620,"https://gwhqshlpglptxsexagcz.supabase.co/storage/v1/object/public/images/1cb31d81-ddea-4f5e-bbd9-758f10ffb845/photo-1767290965360.jpg",251,error
621,"https://gwhqshlpglptxsexagcz.supabase.co/storage/v1/object/public/images/6a8cf369-8209-4a7e-beb4-7578374b0aee/photo-1767295370692.jpg",532,nutrition_label
637,"https://gwhqshlpglptxsexagcz.supabase.co/storage/v1/object/public/images/6a8cf369-8209-4a7e-beb4-7578374b0aee/photo-1767439587632.jpg",136,nutrition_label
623,"https://gwhqshlpglptxsexagcz.supabase.co/storage/v1/object/public/images/6a8cf369-8209-4a7e-beb4-7578374b0aee/photo-1767300654332.jpg",540,nutrition_label
627,"https://gwhqshlpglptxsexagcz.supabase.co/storage/v1/object/public/images/6a8cf369-8209-4a7e-beb4-7578374b0aee/photo-1767356418213.jpg",343,nutrition_label
628,"https://gwhqshlpglptxsexagcz.supabase.co/storage/v1/object/public/images/6a8cf369-8209-4a7e-beb4-7578374b0aee/photo-1767360151665.jpg",174,nutrition_label
638,"https://gwhqshlpglptxsexagcz.supabase.co/storage/v1/object/public/images/1cb31d81-ddea-4f5e-bbd9-758f10ffb845/photo-1767444754802.jpg",,error
632,"https://gwhqshlpglptxsexagcz.supabase.co/storage/v1/object/public/images/6a8cf369-8209-4a7e-beb4-7578374b0aee/photo-1767383651838.jpg",288,nutrition_label
645,"https://gwhqshlpglptxsexagcz.supabase.co/storage/v1/object/public/images/6a8cf369-8209-4a7e-beb4-7578374b0aee/photo-1767511148720.jpg",59,nutrition_label
648,"https://gwhqshlpglptxsexagcz.supabase.co/storage/v1/object/public/images/6a8cf369-8209-4a7e-beb4-7578374b0aee/photo-1767518788057.jpg",183,nutrition_label
649,"https://gwhqshlpglptxsexagcz.supabase.co/storage/v1/object/public/images/6a8cf369-8209-4a7e-beb4-7578374b0aee/photo-1767528376919.jpg",180,nutrition_label
652,"https://gwhqshlpglptxsexagcz.supabase.co/storage/v1/object/public/images/6a8cf369-8209-4a7e-beb4-7578374b0aee/photo-1767537331136.jpg",440,nutrition_label
660,"https://gwhqshlpglptxsexagcz.supabase.co/storage/v1/object/public/images/6a8cf369-8209-4a7e-beb4-7578374b0aee/photo-1767603157131.jpg",153,nutrition_label
676,"https://gwhqshlpglptxsexagcz.supabase.co/storage/v1/object/public/images/6a8cf369-8209-4a7e-beb4-7578374b0aee/photo-1767641385825.jpg",210,label
663,"https://gwhqshlpglptxsexagcz.supabase.co/storage/v1/object/public/images/6a8cf369-8209-4a7e-beb4-7578374b0aee/photo-1767604163477.jpg",207,nutrition_label
662,"https://gwhqshlpglptxsexagcz.supabase.co/storage/v1/object/public/images/6a8cf369-8209-4a7e-beb4-7578374b0aee/photo-1767603875876.jpg",208,nutrition_label
661,"https://gwhqshlpglptxsexagcz.supabase.co/storage/v1/object/public/images/6a8cf369-8209-4a7e-beb4-7578374b0aee/photo-1767603703338.jpg",219,label
665,"https://gwhqshlpglptxsexagcz.supabase.co/storage/v1/object/public/images/6a8cf369-8209-4a7e-beb4-7578374b0aee/photo-1767612527971.jpg",100,nutrition_label
675,"https://gwhqshlpglptxsexagcz.supabase.co/storage/v1/object/public/images/6a8cf369-8209-4a7e-beb4-7578374b0aee/photo-1767619584384.jpg",200,label
697,"https://gwhqshlpglptxsexagcz.supabase.co/storage/v1/object/public/images/6a8cf369-8209-4a7e-beb4-7578374b0aee/photo-1767781622466.jpg",119,label
698,"https://gwhqshlpglptxsexagcz.supabase.co/storage/v1/object/public/images/6a8cf369-8209-4a7e-beb4-7578374b0aee/photo-1767782865206.jpg",490,nutrition_label
680,"https://gwhqshlpglptxsexagcz.supabase.co/storage/v1/object/public/images/6a8cf369-8209-4a7e-beb4-7578374b0aee/photo-1767641916558.jpg",447,nutrition_label
689,"https://gwhqshlpglptxsexagcz.supabase.co/storage/v1/object/public/images/6a8cf369-8209-4a7e-beb4-7578374b0aee/photo-1767697109403.jpg",330,label
681,"https://gwhqshlpglptxsexagcz.supabase.co/storage/v1/object/public/images/6a8cf369-8209-4a7e-beb4-7578374b0aee/photo-1767642080491.jpg",235,label
700,"https://gwhqshlpglptxsexagcz.supabase.co/storage/v1/object/public/images/6a8cf369-8209-4a7e-beb4-7578374b0aee/photo-1767783349516.jpg",230,nutrition_label
707,"https://gwhqshlpglptxsexagcz.supabase.co/storage/v1/object/public/images/6a8cf369-8209-4a7e-beb4-7578374b0aee/photo-1767813015377.jpg",430,nutrition_label
709,"https://gwhqshlpglptxsexagcz.supabase.co/storage/v1/object/public/images/6a8cf369-8209-4a7e-beb4-7578374b0aee/photo-1767854205510.jpg",204,label
712,"https://gwhqshlpglptxsexagcz.supabase.co/storage/v1/object/public/images/6a8cf369-8209-4a7e-beb4-7578374b0aee/photo-1767864937839.jpg",364,nutrition_label
718,"https://gwhqshlpglptxsexagcz.supabase.co/storage/v1/object/public/images/6a8cf369-8209-4a7e-beb4-7578374b0aee/photo-1767886701098.jpg",176,nutrition_label
719,"https://gwhqshlpglptxsexagcz.supabase.co/storage/v1/object/public/images/6a8cf369-8209-4a7e-beb4-7578374b0aee/photo-1767886814429.jpg",323,label
722,"https://gwhqshlpglptxsexagcz.supabase.co/storage/v1/object/public/images/6a8cf369-8209-4a7e-beb4-7578374b0aee/photo-1767900676695.jpg",230,nutrition_label
736,"https://gwhqshlpglptxsexagcz.supabase.co/storage/v1/object/public/images/6a8cf369-8209-4a7e-beb4-7578374b0aee/photo-1768047691277.jpg",62,nutrition_label
739,"https://gwhqshlpglptxsexagcz.supabase.co/storage/v1/object/public/images/6a8cf369-8209-4a7e-beb4-7578374b0aee/photo-1768051789159.jpg",640,nutrition_label
741,"https://gwhqshlpglptxsexagcz.supabase.co/storage/v1/object/public/images/6a8cf369-8209-4a7e-beb4-7578374b0aee/photo-1768052239286.jpg",231,nutrition_label
743,"https://gwhqshlpglptxsexagcz.supabase.co/storage/v1/object/public/images/6a8cf369-8209-4a7e-beb4-7578374b0aee/photo-1768060343850.jpg",330,nutrition_label
746,"https://gwhqshlpglptxsexagcz.supabase.co/storage/v1/object/public/images/6a8cf369-8209-4a7e-beb4-7578374b0aee/photo-1768074355172.jpg",300,label
747,"https://gwhqshlpglptxsexagcz.supabase.co/storage/v1/object/public/images/6a8cf369-8209-4a7e-beb4-7578374b0aee/photo-1768077812506.jpg",210,nutrition_label
748,"https://gwhqshlpglptxsexagcz.supabase.co/storage/v1/object/public/images/6a8cf369-8209-4a7e-beb4-7578374b0aee/photo-1768078709067.jpg",230,nutrition_label
758,"https://gwhqshlpglptxsexagcz.supabase.co/storage/v1/object/public/images/6a8cf369-8209-4a7e-beb4-7578374b0aee/photo-1768135367919.jpg",63,nutrition_label
782,"https://gwhqshlpglptxsexagcz.supabase.co/storage/v1/object/public/images/6a8cf369-8209-4a7e-beb4-7578374b0aee/photo-1768244257506.jpg",360,nutrition_label
761,"https://gwhqshlpglptxsexagcz.supabase.co/storage/v1/object/public/images/6a8cf369-8209-4a7e-beb4-7578374b0aee/photo-1768148081584.jpg",364,nutrition_label
760,"https://gwhqshlpglptxsexagcz.supabase.co/storage/v1/object/public/images/6a8cf369-8209-4a7e-beb4-7578374b0aee/photo-1768147878531.jpg",292,nutrition_label
762,"https://gwhqshlpglptxsexagcz.supabase.co/storage/v1/object/public/images/6a8cf369-8209-4a7e-beb4-7578374b0aee/photo-1768148701224.jpg",272,nutrition_label
764,"https://gwhqshlpglptxsexagcz.supabase.co/storage/v1/object/public/images/6a8cf369-8209-4a7e-beb4-7578374b0aee/photo-1768163586132.jpg",440,nutrition_label
771,"https://gwhqshlpglptxsexagcz.supabase.co/storage/v1/object/public/images/6a8cf369-8209-4a7e-beb4-7578374b0aee/photo-1768214655412.jpg",396,nutrition_label
789,"https://gwhqshlpglptxsexagcz.supabase.co/storage/v1/object/public/images/6a8cf369-8209-4a7e-beb4-7578374b0aee/photo-1768307735986.jpg",363,nutrition_label
790,"https://gwhqshlpglptxsexagcz.supabase.co/storage/v1/object/public/images/6a8cf369-8209-4a7e-beb4-7578374b0aee/photo-1768317153857.jpg",319,nutrition_label
793,"https://gwhqshlpglptxsexagcz.supabase.co/storage/v1/object/public/images/6a8cf369-8209-4a7e-beb4-7578374b0aee/photo-1768318144707.jpg",407,nutrition_label
794,"https://gwhqshlpglptxsexagcz.supabase.co/storage/v1/object/public/images/6a8cf369-8209-4a7e-beb4-7578374b0aee/photo-1768318506407.jpg",315,label
795,"https://gwhqshlpglptxsexagcz.supabase.co/storage/v1/object/public/images/6a8cf369-8209-4a7e-beb4-7578374b0aee/photo-1768331983713.jpg",534,nutrition_label
798,"https://gwhqshlpglptxsexagcz.supabase.co/storage/v1/object/public/images/6a8cf369-8209-4a7e-beb4-7578374b0aee/photo-1768341347097.jpg",178,nutrition_label
804,"https://gwhqshlpglptxsexagcz.supabase.co/storage/v1/object/public/images/6a8cf369-8209-4a7e-beb4-7578374b0aee/photo-1768387785976.jpg",275,nutrition_label
809,"https://gwhqshlpglptxsexagcz.supabase.co/storage/v1/object/public/images/6a8cf369-8209-4a7e-beb4-7578374b0aee/photo-1768401210847.jpg",100,label
811,"https://gwhqshlpglptxsexagcz.supabase.co/storage/v1/object/public/images/6a8cf369-8209-4a7e-beb4-7578374b0aee/photo-1768411117637.jpg",167,nutrition_label
817,"https://gwhqshlpglptxsexagcz.supabase.co/storage/v1/object/public/images/6a8cf369-8209-4a7e-beb4-7578374b0aee/photo-1768425102191.jpg",404,nutrition_label
820,"https://gwhqshlpglptxsexagcz.supabase.co/storage/v1/object/public/images/6a8cf369-8209-4a7e-beb4-7578374b0aee/photo-1768471679826.jpg",239,label
837,"https://gwhqshlpglptxsexagcz.supabase.co/storage/v1/object/public/images/6a8cf369-8209-4a7e-beb4-7578374b0aee/photo-1768570540276.jpg",115,nutrition_label
838,"https://gwhqshlpglptxsexagcz.supabase.co/storage/v1/object/public/images/6a8cf369-8209-4a7e-beb4-7578374b0aee/photo-1768570749620.jpg",115,nutrition_label
821,"https://gwhqshlpglptxsexagcz.supabase.co/storage/v1/object/public/images/6a8cf369-8209-4a7e-beb4-7578374b0aee/photo-1768473582395.jpg",224,nutrition_label
823,"https://gwhqshlpglptxsexagcz.supabase.co/storage/v1/object/public/images/6a8cf369-8209-4a7e-beb4-7578374b0aee/photo-1768476194417.jpg",219,nutrition_label
828,"https://gwhqshlpglptxsexagcz.supabase.co/storage/v1/object/public/images/6a8cf369-8209-4a7e-beb4-7578374b0aee/photo-1768502808727.jpg",340,nutrition_label
829,"https://gwhqshlpglptxsexagcz.supabase.co/storage/v1/object/public/images/6a8cf369-8209-4a7e-beb4-7578374b0aee/photo-1768503183052.jpg",188,nutrition_label
830,"https://gwhqshlpglptxsexagcz.supabase.co/storage/v1/object/public/images/6a8cf369-8209-4a7e-beb4-7578374b0aee/photo-1768503477891.jpg",280,nutrition_label
833,"https://gwhqshlpglptxsexagcz.supabase.co/storage/v1/object/public/images/6a8cf369-8209-4a7e-beb4-7578374b0aee/photo-1768555927554.jpg",184,nutrition_label
834,"https://gwhqshlpglptxsexagcz.supabase.co/storage/v1/object/public/images/6a8cf369-8209-4a7e-beb4-7578374b0aee/photo-1768560805235.jpg",386,nutrition_label
839,"https://gwhqshlpglptxsexagcz.supabase.co/storage/v1/object/public/images/6a8cf369-8209-4a7e-beb4-7578374b0aee/photo-1768573022923.jpg",360,nutrition_label
841,"https://gwhqshlpglptxsexagcz.supabase.co/storage/v1/object/public/images/6a8cf369-8209-4a7e-beb4-7578374b0aee/photo-1768584732406.jpg",509,nutrition_label
870,"https://gwhqshlpglptxsexagcz.supabase.co/storage/v1/object/public/images/6a8cf369-8209-4a7e-beb4-7578374b0aee/photo-1768727898447.jpg",614,nutrition_label
850,"https://gwhqshlpglptxsexagcz.supabase.co/storage/v1/object/public/images/6a8cf369-8209-4a7e-beb4-7578374b0aee/photo-1768598546473.jpg",488,label
851,"https://gwhqshlpglptxsexagcz.supabase.co/storage/v1/object/public/images/6a8cf369-8209-4a7e-beb4-7578374b0aee/photo-1768642124750.jpg",49,label
853,"https://gwhqshlpglptxsexagcz.supabase.co/storage/v1/object/public/images/6a8cf369-8209-4a7e-beb4-7578374b0aee/photo-1768644209626.jpg",210,nutrition_label
871,"https://gwhqshlpglptxsexagcz.supabase.co/storage/v1/object/public/images/6a8cf369-8209-4a7e-beb4-7578374b0aee/photo-1768730471544.jpg",243,label
857,"https://gwhqshlpglptxsexagcz.supabase.co/storage/v1/object/public/images/6a8cf369-8209-4a7e-beb4-7578374b0aee/photo-1768661866677.jpg",417,nutrition_label
875,"https://gwhqshlpglptxsexagcz.supabase.co/storage/v1/object/public/images/6a8cf369-8209-4a7e-beb4-7578374b0aee/photo-1768740363087.jpg",320,nutrition_label
878,"https://gwhqshlpglptxsexagcz.supabase.co/storage/v1/object/public/images/6a8cf369-8209-4a7e-beb4-7578374b0aee/photo-1768744865104.jpg",265,nutrition_label
867,"https://gwhqshlpglptxsexagcz.supabase.co/storage/v1/object/public/images/6a8cf369-8209-4a7e-beb4-7578374b0aee/photo-1768686154197.jpg",199,nutrition_label
868,"https://gwhqshlpglptxsexagcz.supabase.co/storage/v1/object/public/images/6a8cf369-8209-4a7e-beb4-7578374b0aee/photo-1768686566382.jpg",495,nutrition_label
869,"https://gwhqshlpglptxsexagcz.supabase.co/storage/v1/object/public/images/6a8cf369-8209-4a7e-beb4-7578374b0aee/photo-1768687473073.jpg",550,nutrition_label
778,"https://gwhqshlpglptxsexagcz.supabase.co/storage/v1/object/public/images/6a8cf369-8209-4a7e-beb4-7578374b0aee/photo-1768231786690.jpg",200,label
885,"https://gwhqshlpglptxsexagcz.supabase.co/storage/v1/object/public/images/6a8cf369-8209-4a7e-beb4-7578374b0aee/photo-1768771583393.jpg",288,nutrition_label
894,"https://gwhqshlpglptxsexagcz.supabase.co/storage/v1/object/public/images/6a8cf369-8209-4a7e-beb4-7578374b0aee/photo-1768827159883.jpg",283,nutrition_label
898,"https://gwhqshlpglptxsexagcz.supabase.co/storage/v1/object/public/images/6a8cf369-8209-4a7e-beb4-7578374b0aee/photo-1768841660680.jpg",219,nutrition_label
900,"https://gwhqshlpglptxsexagcz.supabase.co/storage/v1/object/public/images/6a8cf369-8209-4a7e-beb4-7578374b0aee/photo-1768851397099.jpg",550,nutrition_label
901,"https://gwhqshlpglptxsexagcz.supabase.co/storage/v1/object/public/images/6a8cf369-8209-4a7e-beb4-7578374b0aee/photo-1768851537325.jpg",530,label
902,"https://gwhqshlpglptxsexagcz.supabase.co/storage/v1/object/public/images/6a8cf369-8209-4a7e-beb4-7578374b0aee/photo-1768853947284.jpg",386,nutrition_label
950,"https://gwhqshlpglptxsexagcz.supabase.co/storage/v1/object/public/images/6a8cf369-8209-4a7e-beb4-7578374b0aee/photo-1768988234551.jpg",136,nutrition_label
910,"https://gwhqshlpglptxsexagcz.supabase.co/storage/v1/object/public/images/6a8cf369-8209-4a7e-beb4-7578374b0aee/photo-1768923858640.jpg",220,nutrition_label
912,"https://gwhqshlpglptxsexagcz.supabase.co/storage/v1/object/public/images/6a8cf369-8209-4a7e-beb4-7578374b0aee/photo-1768932106908.jpg",370,nutrition_label
962,"https://gwhqshlpglptxsexagcz.supabase.co/storage/v1/object/public/images/6a8cf369-8209-4a7e-beb4-7578374b0aee/photo-1769019607717.jpg",270,nutrition_label
966,"https://gwhqshlpglptxsexagcz.supabase.co/storage/v1/object/public/images/6a8cf369-8209-4a7e-beb4-7578374b0aee/photo-1769070766637.jpg",329,nutrition_label
971,"https://gwhqshlpglptxsexagcz.supabase.co/storage/v1/object/public/images/6a8cf369-8209-4a7e-beb4-7578374b0aee/photo-1769075626651.jpg",529,nutrition_label
982,"https://gwhqshlpglptxsexagcz.supabase.co/storage/v1/object/public/images/6a8cf369-8209-4a7e-beb4-7578374b0aee/photo-1769104701675.jpg",386,nutrition_label
987,"https://gwhqshlpglptxsexagcz.supabase.co/storage/v1/object/public/images/1cb31d81-ddea-4f5e-bbd9-758f10ffb845/photo-1769169944506.jpg",10,error
1016,"https://gwhqshlpglptxsexagcz.supabase.co/storage/v1/object/public/images/6a8cf369-8209-4a7e-beb4-7578374b0aee/photo-1769281598242.jpg",525,nutrition_label
992,"https://gwhqshlpglptxsexagcz.supabase.co/storage/v1/object/public/images/6a8cf369-8209-4a7e-beb4-7578374b0aee/photo-1769178299459.jpg",280,nutrition_label
1008,"https://gwhqshlpglptxsexagcz.supabase.co/storage/v1/object/public/images/6a8cf369-8209-4a7e-beb4-7578374b0aee/photo-1769252221610.jpg",476,nutrition_label
996,"https://gwhqshlpglptxsexagcz.supabase.co/storage/v1/object/public/images/6a8cf369-8209-4a7e-beb4-7578374b0aee/photo-1769185252066.jpg",98,label
997,"https://gwhqshlpglptxsexagcz.supabase.co/storage/v1/object/public/images/6a8cf369-8209-4a7e-beb4-7578374b0aee/photo-1769185582673.jpg",469,label
993,"https://gwhqshlpglptxsexagcz.supabase.co/storage/v1/object/public/images/6a8cf369-8209-4a7e-beb4-7578374b0aee/photo-1769178678845.jpg",221,nutrition_label
1000,"https://gwhqshlpglptxsexagcz.supabase.co/storage/v1/object/public/images/6a8cf369-8209-4a7e-beb4-7578374b0aee/photo-1769203266929.jpg",410,label
1017,"https://gwhqshlpglptxsexagcz.supabase.co/storage/v1/object/public/images/6a8cf369-8209-4a7e-beb4-7578374b0aee/photo-1769281691927.jpg",554,nutrition_label
1001,"https://gwhqshlpglptxsexagcz.supabase.co/storage/v1/object/public/images/6a8cf369-8209-4a7e-beb4-7578374b0aee/photo-1769246799170.jpg",419,nutrition_label
1018,"https://gwhqshlpglptxsexagcz.supabase.co/storage/v1/object/public/images/6a8cf369-8209-4a7e-beb4-7578374b0aee/photo-1769282036701.jpg",540,label
1019,"https://gwhqshlpglptxsexagcz.supabase.co/storage/v1/object/public/images/6a8cf369-8209-4a7e-beb4-7578374b0aee/photo-1769289897624.jpg",490,nutrition_label
1027,"https://gwhqshlpglptxsexagcz.supabase.co/storage/v1/object/public/images/6a8cf369-8209-4a7e-beb4-7578374b0aee/photo-1769347989795.jpg",555,label
1026,"https://gwhqshlpglptxsexagcz.supabase.co/storage/v1/object/public/images/6a8cf369-8209-4a7e-beb4-7578374b0aee/photo-1769347923893.jpg",580,nutrition_label
1025,"https://gwhqshlpglptxsexagcz.supabase.co/storage/v1/object/public/images/6a8cf369-8209-4a7e-beb4-7578374b0aee/photo-1769346605800.jpg",380,nutrition_label
1031,"https://gwhqshlpglptxsexagcz.supabase.co/storage/v1/object/public/images/6a8cf369-8209-4a7e-beb4-7578374b0aee/photo-1769373629363.jpg",95,nutrition_label
1032,"https://gwhqshlpglptxsexagcz.supabase.co/storage/v1/object/public/images/6a8cf369-8209-4a7e-beb4-7578374b0aee/photo-1769373885480.jpg",213,nutrition_label
1033,"https://gwhqshlpglptxsexagcz.supabase.co/storage/v1/object/public/images/1cb31d81-ddea-4f5e-bbd9-758f10ffb845/photo-1769416589413.jpg",147,error
1034,"https://gwhqshlpglptxsexagcz.supabase.co/storage/v1/object/public/images/6a8cf369-8209-4a7e-beb4-7578374b0aee/photo-1769419579020.jpg",338,nutrition_label
1035,"https://gwhqshlpglptxsexagcz.supabase.co/storage/v1/object/public/images/6a8cf369-8209-4a7e-beb4-7578374b0aee/photo-1769419665148.jpg",90,nutrition_label
1036,"https://gwhqshlpglptxsexagcz.supabase.co/storage/v1/object/public/images/6a8cf369-8209-4a7e-beb4-7578374b0aee/photo-1769419976639.jpg",294,nutrition_label
1039,"https://gwhqshlpglptxsexagcz.supabase.co/storage/v1/object/public/images/6a8cf369-8209-4a7e-beb4-7578374b0aee/photo-1769421623850.jpg",480,nutrition_label
1041,"https://gwhqshlpglptxsexagcz.supabase.co/storage/v1/object/public/images/6a8cf369-8209-4a7e-beb4-7578374b0aee/photo-1769422036371.jpg",331,nutrition_label
1042,"https://gwhqshlpglptxsexagcz.supabase.co/storage/v1/object/public/images/6a8cf369-8209-4a7e-beb4-7578374b0aee/photo-1769438303594.jpg",191,nutrition_label
1055,"https://gwhqshlpglptxsexagcz.supabase.co/storage/v1/object/public/images/6a8cf369-8209-4a7e-beb4-7578374b0aee/photo-1769502888115.jpg",40,label
1057,"https://gwhqshlpglptxsexagcz.supabase.co/storage/v1/object/public/images/1cb31d81-ddea-4f5e-bbd9-758f10ffb845/photo-1769503150942.jpg",65,error
1067,"https://gwhqshlpglptxsexagcz.supabase.co/storage/v1/object/public/images/6a8cf369-8209-4a7e-beb4-7578374b0aee/photo-1769517210327.jpg",490,nutrition_label
1051,"https://gwhqshlpglptxsexagcz.supabase.co/storage/v1/object/public/images/6a8cf369-8209-4a7e-beb4-7578374b0aee/photo-1769501794012.jpg",750,nutrition_label
1081,"https://gwhqshlpglptxsexagcz.supabase.co/storage/v1/object/public/images/6a8cf369-8209-4a7e-beb4-7578374b0aee/photo-1769595730253.jpg",342,label
1082,"https://gwhqshlpglptxsexagcz.supabase.co/storage/v1/object/public/images/6a8cf369-8209-4a7e-beb4-7578374b0aee/photo-1769596461484.jpg",310,nutrition_label
1083,"https://gwhqshlpglptxsexagcz.supabase.co/storage/v1/object/public/images/6a8cf369-8209-4a7e-beb4-7578374b0aee/photo-1769597269666.jpg",488,nutrition_label
1103,"https://gwhqshlpglptxsexagcz.supabase.co/storage/v1/object/public/images/6a8cf369-8209-4a7e-beb4-7578374b0aee/photo-1769700850402.jpg",488,nutrition_label
1090,"https://gwhqshlpglptxsexagcz.supabase.co/storage/v1/object/public/images/6a8cf369-8209-4a7e-beb4-7578374b0aee/photo-1769627828143.jpg",95,nutrition_label
1091,"https://gwhqshlpglptxsexagcz.supabase.co/storage/v1/object/public/images/6a8cf369-8209-4a7e-beb4-7578374b0aee/photo-1769628612619.jpg",152,nutrition_label
1094,"https://gwhqshlpglptxsexagcz.supabase.co/storage/v1/object/public/images/6a8cf369-8209-4a7e-beb4-7578374b0aee/photo-1769680115896.jpg",241,label
1098,"https://gwhqshlpglptxsexagcz.supabase.co/storage/v1/object/public/images/6a8cf369-8209-4a7e-beb4-7578374b0aee/photo-1769690089370.jpg",480,label
1101,"https://gwhqshlpglptxsexagcz.supabase.co/storage/v1/object/public/images/6a8cf369-8209-4a7e-beb4-7578374b0aee/photo-1769699323104.jpg",453,nutrition_label
1102,"https://gwhqshlpglptxsexagcz.supabase.co/storage/v1/object/public/images/6a8cf369-8209-4a7e-beb4-7578374b0aee/photo-1769700539985.jpg",401,nutrition_label
1115,"https://gwhqshlpglptxsexagcz.supabase.co/storage/v1/object/public/images/6a8cf369-8209-4a7e-beb4-7578374b0aee/photo-1769782011184.jpg",204,label
1112,"https://gwhqshlpglptxsexagcz.supabase.co/storage/v1/object/public/images/6a8cf369-8209-4a7e-beb4-7578374b0aee/photo-1769768109337.jpg",315,nutrition_label
1117,"https://gwhqshlpglptxsexagcz.supabase.co/storage/v1/object/public/images/6a8cf369-8209-4a7e-beb4-7578374b0aee/photo-1769783152309.jpg",2260,nutrition_label
1131,"https://gwhqshlpglptxsexagcz.supabase.co/storage/v1/object/public/images/6a8cf369-8209-4a7e-beb4-7578374b0aee/photo-1769876534494.jpg",258,nutrition_label
1138,"https://gwhqshlpglptxsexagcz.supabase.co/storage/v1/object/public/images/6a8cf369-8209-4a7e-beb4-7578374b0aee/photo-1769938939529.jpg",204,nutrition_label
1164,"https://gwhqshlpglptxsexagcz.supabase.co/storage/v1/object/public/images/6a8cf369-8209-4a7e-beb4-7578374b0aee/photo-1770042243407.jpg",287,nutrition_label
1133,"https://gwhqshlpglptxsexagcz.supabase.co/storage/v1/object/public/images/6a8cf369-8209-4a7e-beb4-7578374b0aee/photo-1769889410160.jpg",530,nutrition_label
1145,"https://gwhqshlpglptxsexagcz.supabase.co/storage/v1/object/public/images/6a8cf369-8209-4a7e-beb4-7578374b0aee/photo-1769953616508.jpg",188,nutrition_label
1146,"https://gwhqshlpglptxsexagcz.supabase.co/storage/v1/object/public/images/6a8cf369-8209-4a7e-beb4-7578374b0aee/photo-1769954034975.jpg",88,nutrition_label
1154,"https://gwhqshlpglptxsexagcz.supabase.co/storage/v1/object/public/images/6a8cf369-8209-4a7e-beb4-7578374b0aee/photo-1770025983628.jpg",345,nutrition_label
1156,"https://gwhqshlpglptxsexagcz.supabase.co/storage/v1/object/public/images/6a8cf369-8209-4a7e-beb4-7578374b0aee/photo-1770026015274.jpg",325,nutrition_label
1157,"https://gwhqshlpglptxsexagcz.supabase.co/storage/v1/object/public/images/6a8cf369-8209-4a7e-beb4-7578374b0aee/photo-1770026064872.jpg",374,nutrition_label
1169,"https://gwhqshlpglptxsexagcz.supabase.co/storage/v1/object/public/images/6a8cf369-8209-4a7e-beb4-7578374b0aee/photo-1770056996263.jpg",302,nutrition_label
1167,"https://gwhqshlpglptxsexagcz.supabase.co/storage/v1/object/public/images/6a8cf369-8209-4a7e-beb4-7578374b0aee/photo-1770042952256.jpg",287,nutrition_label
1166,"https://gwhqshlpglptxsexagcz.supabase.co/storage/v1/object/public/images/6a8cf369-8209-4a7e-beb4-7578374b0aee/photo-1770042919924.jpg",232,nutrition_label
1165,"https://gwhqshlpglptxsexagcz.supabase.co/storage/v1/object/public/images/6a8cf369-8209-4a7e-beb4-7578374b0aee/photo-1770042269606.jpg",149,label
1178,"https://gwhqshlpglptxsexagcz.supabase.co/storage/v1/object/public/images/6a8cf369-8209-4a7e-beb4-7578374b0aee/photo-1770116104814.jpg",137,nutrition_label
1183,"https://gwhqshlpglptxsexagcz.supabase.co/storage/v1/object/public/images/6a8cf369-8209-4a7e-beb4-7578374b0aee/photo-1770128197412.jpg",293,label
1184,"https://gwhqshlpglptxsexagcz.supabase.co/storage/v1/object/public/images/6a8cf369-8209-4a7e-beb4-7578374b0aee/photo-1770130220378.jpg",535,nutrition_label
1189,"https://gwhqshlpglptxsexagcz.supabase.co/storage/v1/object/public/images/6a8cf369-8209-4a7e-beb4-7578374b0aee/photo-1770144314453.jpg",370,nutrition_label
1190,"https://gwhqshlpglptxsexagcz.supabase.co/storage/v1/object/public/images/6a8cf369-8209-4a7e-beb4-7578374b0aee/photo-1770152895266.jpg",518,nutrition_label
1191,"https://gwhqshlpglptxsexagcz.supabase.co/storage/v1/object/public/images/6a8cf369-8209-4a7e-beb4-7578374b0aee/photo-1770153193552.jpg",290,label
1192,"https://gwhqshlpglptxsexagcz.supabase.co/storage/v1/object/public/images/6a8cf369-8209-4a7e-beb4-7578374b0aee/photo-1770206172247.jpg",423,nutrition_label
1194,"https://gwhqshlpglptxsexagcz.supabase.co/storage/v1/object/public/images/6a8cf369-8209-4a7e-beb4-7578374b0aee/photo-1770206842046.jpg",290,nutrition_label
1195,"https://gwhqshlpglptxsexagcz.supabase.co/storage/v1/object/public/images/6a8cf369-8209-4a7e-beb4-7578374b0aee/photo-1770216243769.jpg",337,nutrition_label
1196,"https://gwhqshlpglptxsexagcz.supabase.co/storage/v1/object/public/images/6a8cf369-8209-4a7e-beb4-7578374b0aee/photo-1770217699506.jpg",365,nutrition_label
1198,"https://gwhqshlpglptxsexagcz.supabase.co/storage/v1/object/public/images/6a8cf369-8209-4a7e-beb4-7578374b0aee/photo-1770218645671.jpg",480,nutrition_label
1201,"https://gwhqshlpglptxsexagcz.supabase.co/storage/v1/object/public/images/6a8cf369-8209-4a7e-beb4-7578374b0aee/photo-1770231126177.jpg",169,label
1202,"https://gwhqshlpglptxsexagcz.supabase.co/storage/v1/object/public/images/6a8cf369-8209-4a7e-beb4-7578374b0aee/photo-1770232406425.jpg",472,nutrition_label
1209,"https://gwhqshlpglptxsexagcz.supabase.co/storage/v1/object/public/images/6a8cf369-8209-4a7e-beb4-7578374b0aee/photo-1770246235754.jpg",470,label
1210,"https://gwhqshlpglptxsexagcz.supabase.co/storage/v1/object/public/images/6a8cf369-8209-4a7e-beb4-7578374b0aee/photo-1770246317000.jpg",326,nutrition_label
1211,"https://gwhqshlpglptxsexagcz.supabase.co/storage/v1/object/public/images/6a8cf369-8209-4a7e-beb4-7578374b0aee/photo-1770246383083.jpg",314,nutrition_label
1212,"https://gwhqshlpglptxsexagcz.supabase.co/storage/v1/object/public/images/6a8cf369-8209-4a7e-beb4-7578374b0aee/photo-1770246447067.jpg",385,label
1216,"https://gwhqshlpglptxsexagcz.supabase.co/storage/v1/object/public/images/6a8cf369-8209-4a7e-beb4-7578374b0aee/photo-1770306817161.jpg",307,nutrition_label
1214,"https://gwhqshlpglptxsexagcz.supabase.co/storage/v1/object/public/images/6a8cf369-8209-4a7e-beb4-7578374b0aee/photo-1770306587563.jpg",363,nutrition_label
1217,"https://gwhqshlpglptxsexagcz.supabase.co/storage/v1/object/public/images/6a8cf369-8209-4a7e-beb4-7578374b0aee/photo-1770315454747.jpg",291,nutrition_label
1219,"https://gwhqshlpglptxsexagcz.supabase.co/storage/v1/object/public/images/6a8cf369-8209-4a7e-beb4-7578374b0aee/photo-1770315826796.jpg",251,nutrition_label
1220,"https://gwhqshlpglptxsexagcz.supabase.co/storage/v1/object/public/images/6a8cf369-8209-4a7e-beb4-7578374b0aee/photo-1770317106526.jpg",510,label
1223,"https://gwhqshlpglptxsexagcz.supabase.co/storage/v1/object/public/images/6a8cf369-8209-4a7e-beb4-7578374b0aee/photo-1770324512774.jpg",420,nutrition_label
1224,"https://gwhqshlpglptxsexagcz.supabase.co/storage/v1/object/public/images/6a8cf369-8209-4a7e-beb4-7578374b0aee/photo-1770380945680.jpg",228,label
1227,"https://gwhqshlpglptxsexagcz.supabase.co/storage/v1/object/public/images/6a8cf369-8209-4a7e-beb4-7578374b0aee/photo-1770389713092.jpg",204,label
1229,"https://gwhqshlpglptxsexagcz.supabase.co/storage/v1/object/public/images/6a8cf369-8209-4a7e-beb4-7578374b0aee/photo-1770391238091.jpg",350,nutrition_label
1230,"https://gwhqshlpglptxsexagcz.supabase.co/storage/v1/object/public/images/6a8cf369-8209-4a7e-beb4-7578374b0aee/photo-1770391295720.jpg",320,nutrition_label
1232,"https://gwhqshlpglptxsexagcz.supabase.co/storage/v1/object/public/images/6a8cf369-8209-4a7e-beb4-7578374b0aee/photo-1770408279455.jpg",230,nutrition_label
1233,"https://gwhqshlpglptxsexagcz.supabase.co/storage/v1/object/public/images/6a8cf369-8209-4a7e-beb4-7578374b0aee/photo-1770408611450.jpg",443,nutrition_label
1234,"https://gwhqshlpglptxsexagcz.supabase.co/storage/v1/object/public/images/6a8cf369-8209-4a7e-beb4-7578374b0aee/photo-1770411716074.jpg",490,label
1235,"https://gwhqshlpglptxsexagcz.supabase.co/storage/v1/object/public/images/6a8cf369-8209-4a7e-beb4-7578374b0aee/photo-1770411932841.jpg",540,nutrition_label
1236,"https://gwhqshlpglptxsexagcz.supabase.co/storage/v1/object/public/images/6a8cf369-8209-4a7e-beb4-7578374b0aee/photo-1770412158727.jpg",440,label
1237,"https://gwhqshlpglptxsexagcz.supabase.co/storage/v1/object/public/images/6a8cf369-8209-4a7e-beb4-7578374b0aee/photo-1770412699439.jpg",390,label
1247,"https://gwhqshlpglptxsexagcz.supabase.co/storage/v1/object/public/images/6a8cf369-8209-4a7e-beb4-7578374b0aee/photo-1770472656401.jpg",370,nutrition_label
1242,"https://gwhqshlpglptxsexagcz.supabase.co/storage/v1/object/public/images/6a8cf369-8209-4a7e-beb4-7578374b0aee/photo-1770416442681.jpg",350,nutrition_label
1241,"https://gwhqshlpglptxsexagcz.supabase.co/storage/v1/object/public/images/6a8cf369-8209-4a7e-beb4-7578374b0aee/photo-1770415290523.jpg",370,nutrition_label
1248,"https://gwhqshlpglptxsexagcz.supabase.co/storage/v1/object/public/images/6a8cf369-8209-4a7e-beb4-7578374b0aee/photo-1770472981728.jpg",374,nutrition_label
1253,"https://gwhqshlpglptxsexagcz.supabase.co/storage/v1/object/public/images/6a8cf369-8209-4a7e-beb4-7578374b0aee/photo-1770488543992.jpg",187,nutrition_label
1254,"https://gwhqshlpglptxsexagcz.supabase.co/storage/v1/object/public/images/6a8cf369-8209-4a7e-beb4-7578374b0aee/photo-1770488859362.jpg",440,nutrition_label
1259,"https://gwhqshlpglptxsexagcz.supabase.co/storage/v1/object/public/images/6a8cf369-8209-4a7e-beb4-7578374b0aee/photo-1770556368170.jpg",248,nutrition_label
1264,"https://gwhqshlpglptxsexagcz.supabase.co/storage/v1/object/public/images/6a8cf369-8209-4a7e-beb4-7578374b0aee/photo-1770568319318.jpg",356,label
1266,"https://gwhqshlpglptxsexagcz.supabase.co/storage/v1/object/public/images/6a8cf369-8209-4a7e-beb4-7578374b0aee/photo-1770568482108.jpg",560,label
1267,"https://gwhqshlpglptxsexagcz.supabase.co/storage/v1/object/public/images/6a8cf369-8209-4a7e-beb4-7578374b0aee/photo-1770569033706.jpg",237,label
1268,"https://gwhqshlpglptxsexagcz.supabase.co/storage/v1/object/public/images/6a8cf369-8209-4a7e-beb4-7578374b0aee/photo-1770569543948.jpg",240,nutrition_label
1270,"https://gwhqshlpglptxsexagcz.supabase.co/storage/v1/object/public/images/6a8cf369-8209-4a7e-beb4-7578374b0aee/photo-1770574332294.jpg",344,label
1285,"https://gwhqshlpglptxsexagcz.supabase.co/storage/v1/object/public/images/6a8cf369-8209-4a7e-beb4-7578374b0aee/photo-1770658906171.jpg",556,nutrition_label
1281,"https://gwhqshlpglptxsexagcz.supabase.co/storage/v1/object/public/images/6a8cf369-8209-4a7e-beb4-7578374b0aee/photo-1770657411779.jpg",277,label
1282,"https://gwhqshlpglptxsexagcz.supabase.co/storage/v1/object/public/images/6a8cf369-8209-4a7e-beb4-7578374b0aee/photo-1770657917939.jpg",506,nutrition_label
1283,"https://gwhqshlpglptxsexagcz.supabase.co/storage/v1/object/public/images/6a8cf369-8209-4a7e-beb4-7578374b0aee/photo-1770658229502.jpg",370,nutrition_label
1284,"https://gwhqshlpglptxsexagcz.supabase.co/storage/v1/object/public/images/6a8cf369-8209-4a7e-beb4-7578374b0aee/photo-1770658439571.jpg",143,nutrition_label
1289,"https://gwhqshlpglptxsexagcz.supabase.co/storage/v1/object/public/images/6a8cf369-8209-4a7e-beb4-7578374b0aee/photo-1770683698808.jpg",309,nutrition_label
1292,"https://gwhqshlpglptxsexagcz.supabase.co/storage/v1/object/public/images/6a8cf369-8209-4a7e-beb4-7578374b0aee/photo-1770720053747.jpg",238,label
1293,"https://gwhqshlpglptxsexagcz.supabase.co/storage/v1/object/public/images/6a8cf369-8209-4a7e-beb4-7578374b0aee/photo-1770720192436.jpg",136,nutrition_label
1302,"https://gwhqshlpglptxsexagcz.supabase.co/storage/v1/object/public/images/6a8cf369-8209-4a7e-beb4-7578374b0aee/photo-1770755072143.jpg",258,nutrition_label
1303,"https://gwhqshlpglptxsexagcz.supabase.co/storage/v1/object/public/images/6a8cf369-8209-4a7e-beb4-7578374b0aee/photo-1770755816116.jpg",198,nutrition_label
1305,"https://gwhqshlpglptxsexagcz.supabase.co/storage/v1/object/public/images/6a8cf369-8209-4a7e-beb4-7578374b0aee/photo-1770761825667.jpg",386,nutrition_label
1308,"https://gwhqshlpglptxsexagcz.supabase.co/storage/v1/object/public/images/6a8cf369-8209-4a7e-beb4-7578374b0aee/photo-1770815778948.jpg",76,nutrition_label
1340,"https://gwhqshlpglptxsexagcz.supabase.co/storage/v1/object/public/images/6a8cf369-8209-4a7e-beb4-7578374b0aee/photo-1770981958455.jpg",115,nutrition_label
1313,"https://gwhqshlpglptxsexagcz.supabase.co/storage/v1/object/public/images/6a8cf369-8209-4a7e-beb4-7578374b0aee/photo-1770817147513.jpg",552,nutrition_label
1314,"https://gwhqshlpglptxsexagcz.supabase.co/storage/v1/object/public/images/6a8cf369-8209-4a7e-beb4-7578374b0aee/photo-1770837020927.jpg",350,nutrition_label
1315,"https://gwhqshlpglptxsexagcz.supabase.co/storage/v1/object/public/images/6a8cf369-8209-4a7e-beb4-7578374b0aee/photo-1770839413993.jpg",140,label
1317,"https://gwhqshlpglptxsexagcz.supabase.co/storage/v1/object/public/images/6a8cf369-8209-4a7e-beb4-7578374b0aee/photo-1770844972656.jpg",479,nutrition_label
1332,"https://gwhqshlpglptxsexagcz.supabase.co/storage/v1/object/public/images/6a8cf369-8209-4a7e-beb4-7578374b0aee/photo-1770925233781.jpg",400,label
1333,"https://gwhqshlpglptxsexagcz.supabase.co/storage/v1/object/public/images/6a8cf369-8209-4a7e-beb4-7578374b0aee/photo-1770925377709.jpg",390,label
1334,"https://gwhqshlpglptxsexagcz.supabase.co/storage/v1/object/public/images/6a8cf369-8209-4a7e-beb4-7578374b0aee/photo-1770927477909.jpg",202,nutrition_label
1335,"https://gwhqshlpglptxsexagcz.supabase.co/storage/v1/object/public/images/6a8cf369-8209-4a7e-beb4-7578374b0aee/photo-1770929446265.jpg",280,nutrition_label
1337,"https://gwhqshlpglptxsexagcz.supabase.co/storage/v1/object/public/images/6a8cf369-8209-4a7e-beb4-7578374b0aee/photo-1770938198439.jpg",105,nutrition_label
1342,"https://gwhqshlpglptxsexagcz.supabase.co/storage/v1/object/public/images/6a8cf369-8209-4a7e-beb4-7578374b0aee/photo-1771008449980.jpg",352,nutrition_label
1360,"https://gwhqshlpglptxsexagcz.supabase.co/storage/v1/object/public/images/6a8cf369-8209-4a7e-beb4-7578374b0aee/photo-1771177936373.jpg",432,nutrition_label
1364,"https://gwhqshlpglptxsexagcz.supabase.co/storage/v1/object/public/images/6a8cf369-8209-4a7e-beb4-7578374b0aee/photo-1771181786865.jpg",305,nutrition_label
1365,"https://gwhqshlpglptxsexagcz.supabase.co/storage/v1/object/public/images/6a8cf369-8209-4a7e-beb4-7578374b0aee/photo-1771182187010.jpg",420,label
1367,"https://gwhqshlpglptxsexagcz.supabase.co/storage/v1/object/public/images/6a8cf369-8209-4a7e-beb4-7578374b0aee/photo-1771183973668.jpg",255,nutrition_label
1378,"https://gwhqshlpglptxsexagcz.supabase.co/storage/v1/object/public/images/6a8cf369-8209-4a7e-beb4-7578374b0aee/photo-1771288041976.jpg",332,nutrition_label
1399,"https://gwhqshlpglptxsexagcz.supabase.co/storage/v1/object/public/images/6a8cf369-8209-4a7e-beb4-7578374b0aee/photo-1771415037179.jpg",261,nutrition_label
1403,"https://gwhqshlpglptxsexagcz.supabase.co/storage/v1/object/public/images/6a8cf369-8209-4a7e-beb4-7578374b0aee/photo-1771435056816.jpg",110,nutrition_label
1404,"https://gwhqshlpglptxsexagcz.supabase.co/storage/v1/object/public/images/6a8cf369-8209-4a7e-beb4-7578374b0aee/photo-1771435066620.jpg",111,label
1405,"https://gwhqshlpglptxsexagcz.supabase.co/storage/v1/object/public/images/6a8cf369-8209-4a7e-beb4-7578374b0aee/photo-1771435080999.jpg",111,label
1406,"https://gwhqshlpglptxsexagcz.supabase.co/storage/v1/object/public/images/6a8cf369-8209-4a7e-beb4-7578374b0aee/photo-1771435094717.jpg",87,nutrition_label
1408,"https://gwhqshlpglptxsexagcz.supabase.co/storage/v1/object/public/images/6a8cf369-8209-4a7e-beb4-7578374b0aee/photo-1771439832494.jpg",429,label
1409,"https://gwhqshlpglptxsexagcz.supabase.co/storage/v1/object/public/images/6a8cf369-8209-4a7e-beb4-7578374b0aee/photo-1771440019723.jpg",374,nutrition_label
1410,"https://gwhqshlpglptxsexagcz.supabase.co/storage/v1/object/public/images/6a8cf369-8209-4a7e-beb4-7578374b0aee/photo-1771443886708.jpg",324,nutrition_label
1413,"https://gwhqshlpglptxsexagcz.supabase.co/storage/v1/object/public/images/6a8cf369-8209-4a7e-beb4-7578374b0aee/photo-1771448234775.jpg",74,nutrition_label
1424,"https://gwhqshlpglptxsexagcz.supabase.co/storage/v1/object/public/images/6a8cf369-8209-4a7e-beb4-7578374b0aee/photo-1771531970106.jpg",524,nutrition_label
1414,"https://gwhqshlpglptxsexagcz.supabase.co/storage/v1/object/public/images/6a8cf369-8209-4a7e-beb4-7578374b0aee/photo-1771448789461.jpg",420,label
1416,"https://gwhqshlpglptxsexagcz.supabase.co/storage/v1/object/public/images/6a8cf369-8209-4a7e-beb4-7578374b0aee/photo-1771450313144.jpg",535,nutrition_label
1421,"https://gwhqshlpglptxsexagcz.supabase.co/storage/v1/object/public/images/6a8cf369-8209-4a7e-beb4-7578374b0aee/photo-1771509466077.jpg",77,nutrition_label
1422,"https://gwhqshlpglptxsexagcz.supabase.co/storage/v1/object/public/images/6a8cf369-8209-4a7e-beb4-7578374b0aee/photo-1771509660613.jpg",477,label
1427,"https://gwhqshlpglptxsexagcz.supabase.co/storage/v1/object/public/images/6a8cf369-8209-4a7e-beb4-7578374b0aee/photo-1771533415642.jpg",300,nutrition_label
1439,"https://gwhqshlpglptxsexagcz.supabase.co/storage/v1/object/public/images/6a8cf369-8209-4a7e-beb4-7578374b0aee/photo-1771618878490.jpg",540,nutrition_label
1436,"https://gwhqshlpglptxsexagcz.supabase.co/storage/v1/object/public/images/6a8cf369-8209-4a7e-beb4-7578374b0aee/photo-1771603061318.jpg",360,nutrition_label
1433,"https://gwhqshlpglptxsexagcz.supabase.co/storage/v1/object/public/images/6a8cf369-8209-4a7e-beb4-7578374b0aee/photo-1771601636125.jpg",237,nutrition_label
1445,"https://gwhqshlpglptxsexagcz.supabase.co/storage/v1/object/public/images/6a8cf369-8209-4a7e-beb4-7578374b0aee/photo-1771669407570.jpg",293,nutrition_label
1457,"https://gwhqshlpglptxsexagcz.supabase.co/storage/v1/object/public/images/6a8cf369-8209-4a7e-beb4-7578374b0aee/photo-1771687363710.jpg",192,nutrition_label
1458,"https://gwhqshlpglptxsexagcz.supabase.co/storage/v1/object/public/images/1cb31d81-ddea-4f5e-bbd9-758f10ffb845/photo-1772037212958.jpg",1,non_edible
1467,"https://gwhqshlpglptxsexagcz.supabase.co/storage/v1/object/public/images/6a8cf369-8209-4a7e-beb4-7578374b0aee/photo-1772052767095.jpg",505,nutrition_label
1468,"https://gwhqshlpglptxsexagcz.supabase.co/storage/v1/object/public/images/1cb31d81-ddea-4f5e-bbd9-758f10ffb845/photo-1772099335504.jpg",105,product
1469,"https://gwhqshlpglptxsexagcz.supabase.co/storage/v1/object/public/images/6a8cf369-8209-4a7e-beb4-7578374b0aee/photo-1772100440820.jpg",60,label
1471,"https://gwhqshlpglptxsexagcz.supabase.co/storage/v1/object/public/images/6a8cf369-8209-4a7e-beb4-7578374b0aee/photo-1772100627609.jpg",85,product
1477,"https://gwhqshlpglptxsexagcz.supabase.co/storage/v1/object/public/images/6a8cf369-8209-4a7e-beb4-7578374b0aee/photo-1772116229666.jpg",310,product
1470,"https://gwhqshlpglptxsexagcz.supabase.co/storage/v1/object/public/images/6a8cf369-8209-4a7e-beb4-7578374b0aee/photo-1772100483470.jpg",105,product
1479,"https://gwhqshlpglptxsexagcz.supabase.co/storage/v1/object/public/images/6a8cf369-8209-4a7e-beb4-7578374b0aee/photo-1772118537505.jpg",77,label
1481,"https://gwhqshlpglptxsexagcz.supabase.co/storage/v1/object/public/images/6a8cf369-8209-4a7e-beb4-7578374b0aee/photo-1772123025095.jpg",356,nutrition_label
1482,"https://gwhqshlpglptxsexagcz.supabase.co/storage/v1/object/public/images/1cb31d81-ddea-4f5e-bbd9-758f10ffb845/photo-1772124428833.jpg",192,product
1488,"https://gwhqshlpglptxsexagcz.supabase.co/storage/v1/object/public/images/6a8cf369-8209-4a7e-beb4-7578374b0aee/photo-1772144958732.jpg",495,label
1489,"https://gwhqshlpglptxsexagcz.supabase.co/storage/v1/object/public/images/6a8cf369-8209-4a7e-beb4-7578374b0aee/photo-1772145182477.jpg",455,nutrition_label
1497,"https://gwhqshlpglptxsexagcz.supabase.co/storage/v1/object/public/images/6a8cf369-8209-4a7e-beb4-7578374b0aee/photo-1772211613020.jpg",2,label
1498,"https://gwhqshlpglptxsexagcz.supabase.co/storage/v1/object/public/images/1cb31d81-ddea-4f5e-bbd9-758f10ffb845/photo-1772212022879.jpg",,non_edible
1499,"https://gwhqshlpglptxsexagcz.supabase.co/storage/v1/object/public/images/1cb31d81-ddea-4f5e-bbd9-758f10ffb845/photo-1772212124941.jpg",,label
1500,"https://gwhqshlpglptxsexagcz.supabase.co/storage/v1/object/public/images/1cb31d81-ddea-4f5e-bbd9-758f10ffb845/photo-1772212139033.jpg",250,nutrition_label
1501,"https://gwhqshlpglptxsexagcz.supabase.co/storage/v1/object/public/images/1cb31d81-ddea-4f5e-bbd9-758f10ffb845/photo-1772212156165.jpg",288,nutrition_label
1504,"https://gwhqshlpglptxsexagcz.supabase.co/storage/v1/object/public/images/1cb31d81-ddea-4f5e-bbd9-758f10ffb845/photo-1772215553006.jpg",250,product
1520,"https://gwhqshlpglptxsexagcz.supabase.co/storage/v1/object/public/images/1cb31d81-ddea-4f5e-bbd9-758f10ffb845/photo-1772313897624.jpg",41,product
1546,"https://gwhqshlpglptxsexagcz.supabase.co/storage/v1/object/public/images/6a8cf369-8209-4a7e-beb4-7578374b0aee/photo-1772364484106.jpg",230,nutrition_label
1527,"https://gwhqshlpglptxsexagcz.supabase.co/storage/v1/object/public/images/1cb31d81-ddea-4f5e-bbd9-758f10ffb845/photo-1772352760393.jpg",41,product
1528,"https://gwhqshlpglptxsexagcz.supabase.co/storage/v1/object/public/images/1cb31d81-ddea-4f5e-bbd9-758f10ffb845/photo-1772352807462.jpg",41,product
1529,"https://gwhqshlpglptxsexagcz.supabase.co/storage/v1/object/public/images/1cb31d81-ddea-4f5e-bbd9-758f10ffb845/photo-1772352838154.jpg",41,product
1553,"https://gwhqshlpglptxsexagcz.supabase.co/storage/v1/object/public/images/1cb31d81-ddea-4f5e-bbd9-758f10ffb845/photo-1772375518375.jpg",,product
1532,"https://gwhqshlpglptxsexagcz.supabase.co/storage/v1/object/public/images/1cb31d81-ddea-4f5e-bbd9-758f10ffb845/photo-1772352916681.jpg",300,non_edible
1533,"https://gwhqshlpglptxsexagcz.supabase.co/storage/v1/object/public/images/1cb31d81-ddea-4f5e-bbd9-758f10ffb845/photo-1772352961350.jpg",100,non_edible
1554,"https://gwhqshlpglptxsexagcz.supabase.co/storage/v1/object/public/images/1cb31d81-ddea-4f5e-bbd9-758f10ffb845/photo-1772446807277.jpg",236,nutrition_label
1555,"https://gwhqshlpglptxsexagcz.supabase.co/storage/v1/object/public/images/1cb31d81-ddea-4f5e-bbd9-758f10ffb845/photo-1772446838493.jpg",550,label
1556,"https://gwhqshlpglptxsexagcz.supabase.co/storage/v1/object/public/images/1cb31d81-ddea-4f5e-bbd9-758f10ffb845/photo-1772446847232.jpg",589,nutrition_label
1544,"https://gwhqshlpglptxsexagcz.supabase.co/storage/v1/object/public/images/6a8cf369-8209-4a7e-beb4-7578374b0aee/photo-1772364402016.jpg",317,nutrition_label
1557,"https://gwhqshlpglptxsexagcz.supabase.co/storage/v1/object/public/images/1cb31d81-ddea-4f5e-bbd9-758f10ffb845/photo-1772446887272.jpg",540,label
1559,"https://gwhqshlpglptxsexagcz.supabase.co/storage/v1/object/public/images/1cb31d81-ddea-4f5e-bbd9-758f10ffb845/photo-1772447052273.jpg",,product
1545,"https://gwhqshlpglptxsexagcz.supabase.co/storage/v1/object/public/images/6a8cf369-8209-4a7e-beb4-7578374b0aee/photo-1772364467869.jpg",316,nutrition_label
1562,"https://gwhqshlpglptxsexagcz.supabase.co/storage/v1/object/public/images/1cb31d81-ddea-4f5e-bbd9-758f10ffb845/photo-1772447105024.jpg",563,label
1547,"https://gwhqshlpglptxsexagcz.supabase.co/storage/v1/object/public/images/6a8cf369-8209-4a7e-beb4-7578374b0aee/photo-1772364496287.jpg",413,nutrition_label
1549,"https://gwhqshlpglptxsexagcz.supabase.co/storage/v1/object/public/images/6a8cf369-8209-4a7e-beb4-7578374b0aee/photo-1772364567149.jpg",530,nutrition_label
1551,"https://gwhqshlpglptxsexagcz.supabase.co/storage/v1/object/public/images/1cb31d81-ddea-4f5e-bbd9-758f10ffb845/photo-1772365011831.jpg",590,nutrition_label
1558,"https://gwhqshlpglptxsexagcz.supabase.co/storage/v1/object/public/images/1cb31d81-ddea-4f5e-bbd9-758f10ffb845/photo-1772446907663.jpg",563,nutrition_label
1560,"https://gwhqshlpglptxsexagcz.supabase.co/storage/v1/object/public/images/1cb31d81-ddea-4f5e-bbd9-758f10ffb845/photo-1772447061926.jpg",,product
1561,"https://gwhqshlpglptxsexagcz.supabase.co/storage/v1/object/public/images/1cb31d81-ddea-4f5e-bbd9-758f10ffb845/photo-1772447071123.jpg",275,product
1564,"https://gwhqshlpglptxsexagcz.supabase.co/storage/v1/object/public/images/6a8cf369-8209-4a7e-beb4-7578374b0aee/photo-1772449467489.jpg",155,product
1563,"https://gwhqshlpglptxsexagcz.supabase.co/storage/v1/object/public/images/1cb31d81-ddea-4f5e-bbd9-758f10ffb845/photo-1772447138929.jpg",340,product
1565,"https://gwhqshlpglptxsexagcz.supabase.co/storage/v1/object/public/images/6a8cf369-8209-4a7e-beb4-7578374b0aee/photo-1772449530135.jpg",154,product
1568,"https://gwhqshlpglptxsexagcz.supabase.co/storage/v1/object/public/images/6a8cf369-8209-4a7e-beb4-7578374b0aee/photo-1772451180286.jpg",41,product
1550,"https://gwhqshlpglptxsexagcz.supabase.co/storage/v1/object/public/images/6a8cf369-8209-4a7e-beb4-7578374b0aee/photo-1772364764409.jpg",590,label
1570,"https://gwhqshlpglptxsexagcz.supabase.co/storage/v1/object/public/images/6a8cf369-8209-4a7e-beb4-7578374b0aee/photo-1772451307340.jpg",546,label
1571,"https://gwhqshlpglptxsexagcz.supabase.co/storage/v1/object/public/images/6a8cf369-8209-4a7e-beb4-7578374b0aee/photo-1772451315109.jpg",590,nutrition_label
1573,"https://gwhqshlpglptxsexagcz.supabase.co/storage/v1/object/public/images/1cb31d81-ddea-4f5e-bbd9-758f10ffb845/photo-1772452988012.jpg",0,non_edible
1574,"https://gwhqshlpglptxsexagcz.supabase.co/storage/v1/object/public/images/6a8cf369-8209-4a7e-beb4-7578374b0aee/photo-1772464542224.jpg",340,product
1583,"https://gwhqshlpglptxsexagcz.supabase.co/storage/v1/object/public/images/6a8cf369-8209-4a7e-beb4-7578374b0aee/photo-1772487592002.jpg",131,nutrition_label
1575,"https://gwhqshlpglptxsexagcz.supabase.co/storage/v1/object/public/images/6a8cf369-8209-4a7e-beb4-7578374b0aee/photo-1772465274991.jpg",131,label
1576,"https://gwhqshlpglptxsexagcz.supabase.co/storage/v1/object/public/images/6a8cf369-8209-4a7e-beb4-7578374b0aee/photo-1772465291149.jpg",131,label
1578,"https://gwhqshlpglptxsexagcz.supabase.co/storage/v1/object/public/images/6a8cf369-8209-4a7e-beb4-7578374b0aee/photo-1772465649939.jpg",55,label
1589,"https://gwhqshlpglptxsexagcz.supabase.co/storage/v1/object/public/images/6a8cf369-8209-4a7e-beb4-7578374b0aee/photo-1772541106962.jpg",362,nutrition_label
1580,"https://gwhqshlpglptxsexagcz.supabase.co/storage/v1/object/public/images/6a8cf369-8209-4a7e-beb4-7578374b0aee/photo-1772467138338.jpg",400,product
1581,"https://gwhqshlpglptxsexagcz.supabase.co/storage/v1/object/public/images/6a8cf369-8209-4a7e-beb4-7578374b0aee/photo-1772467453347.jpg",,label
1584,"https://gwhqshlpglptxsexagcz.supabase.co/storage/v1/object/public/images/6a8cf369-8209-4a7e-beb4-7578374b0aee/photo-1772487632017.jpg",131,nutrition_label
1590,"https://gwhqshlpglptxsexagcz.supabase.co/storage/v1/object/public/images/6a8cf369-8209-4a7e-beb4-7578374b0aee/photo-1772541112379.jpg",362,label
1587,"https://gwhqshlpglptxsexagcz.supabase.co/storage/v1/object/public/images/6a8cf369-8209-4a7e-beb4-7578374b0aee/photo-1772534919402.jpg",628,product
