id,class,llm_calories,llm_protein,llm_fat,llm_carbs,llm_weight,kcal_from_macros,macro_gap,macro_gap_pct,llm_confidence_ord,llm_calorie_basis,llm_text_readability_ord,llm_portion_difficulty_ord,llm_error_risk_ord,llm_is_single_item,llm_is_mixed_dish,signed_error_pct,abs_error_pct,is_acceptable,kcalories
127,nutrition_label,130.0,0.0,0.0,31.0,,124.0,6.0,4.615384615384616,2,nutrition_table,2,0,0,True,False,0.0,0.0,True,130.0
202,label,150.0,11.3,9.6,16.0,250.0,195.6,-45.599999999999994,-30.399999999999995,2,package_text,3,0,0,True,True,0.0,0.0,True,150.0
204,product,78.0,1.7,1.2,18.7,120.0,92.39999999999999,-14.399999999999991,-18.461538461538453,1,visual_estimate,0,0,0,True,False,-2.5,2.5,True,80.0
206,product,130.0,2.7,0.3,28.0,200.0,125.5,4.5,3.4615384615384617,2,visual_estimate,0,1,1,True,False,0.0,0.0,True,130.0
208,nutrition_label,120.0,5.7,4.8,13.1,,118.4,1.5999999999999943,1.3333333333333286,2,nutrition_table,3,1,0,True,False,0.0,0.0,True,120.0
210,product,142.0,1.76,0.53,36.64,160.0,158.37,-16.370000000000005,-11.528169014084511,2,mixed,3,0,0,True,False,-3.4013605442176873,3.4013605442176873,True,147.0
213,nutrition_label,435.0,6.0,15.0,69.0,100.0,435.0,0.0,0.0,2,nutrition_table,3,1,0,True,False,0.0,0.0,True,435.0
220,product,41.0,0.9,0.2,9.6,,43.8,-2.799999999999997,-6.8292682926829205,2,visual_estimate,0,0,0,True,False,0.0,0.0,True,41.0
224,nutrition_label,128.0,7.0,6.7,10.0,125.0,128.3,-0.30000000000001137,-0.23437500000000888,2,nutrition_table,3,0,0,True,False,0.0,0.0,True,128.0
226,nutrition_label,269.2,13.3,16.0,18.0,270.0,269.2,0.0,0.0,2,nutrition_table,3,0,0,True,True,0.07434944237917793,0.07434944237917793,True,269.0
225,nutrition_label,338.5,6.7,17.7,38.1,100.0,338.5,0.0,0.0,2,nutrition_table,3,0,0,True,False,-0.14749262536873156,0.14749262536873156,True,339.0
227,nutrition_label,179.4,11.4,6.2,19.5,200.0,179.4,0.0,0.0,2,nutrition_table,3,0,0,True,False,0.22346368715084117,0.22346368715084117,True,179.0
233,product,41.0,0.9,0.2,9.6,60.0,43.8,-2.799999999999997,-6.8292682926829205,2,visual_estimate,0,0,0,True,False,0.0,0.0,True,41.0
243,product,67.2,1.68,0.336,16.632,168.0,76.272,-9.072000000000003,-13.500000000000004,2,mixed,3,0,0,True,False,10.163934426229511,10.163934426229511,False,61.0
244,label,397.6,4.4,6.0,77.6,55.0,382.0,15.600000000000023,3.923541247484915,2,package_text,3,0,0,True,False,-0.10050251256280836,0.10050251256280836,True,398.0
245,nutrition_label,459.0,17.1,24.48,42.48,180.0,458.64,0.36000000000001364,0.07843137254902258,2,nutrition_table,3,0,0,True,True,359.0,359.0,False,100.0
260,nutrition_label,217.2,12.9,8.4,22.5,130.0,217.20000000000002,-2.842170943040401e-14,-1.3085501579375695e-14,2,nutrition_table,3,0,0,False,True,0.09216589861750628,0.09216589861750628,True,217.0
261,nutrition_label,182.0,,,,35.0,0.0,182.0,100.0,2,nutrition_table,2,0,0,True,False,-65.06717850287907,65.06717850287907,False,521.0
279,nutrition_label,441.5,10.0,18.3,59.2,200.0,441.5,0.0,0.0,2,nutrition_table,3,1,0,False,False,-0.11312217194570137,0.11312217194570137,True,442.0
262,label,360.1,8.0,15.0,44.9,60.0,346.6,13.5,3.7489586226048317,2,package_text,3,0,0,False,False,0.027777777777784094,0.027777777777784094,True,360.0
280,nutrition_label,365.0,15.2,16.0,40.0,160.0,364.8,0.19999999999998863,0.05479452054794209,2,nutrition_table,3,0,0,True,False,0.0,0.0,True,365.0
265,nutrition_label,174.6,3.3,5.5,28.2,,175.5,-0.9000000000000057,-0.5154639175257765,2,nutrition_table,3,1,0,True,False,-0.22857142857143184,0.22857142857143184,True,175.0
264,label,260.0,11.8,14.2,21.3,110.0,260.2,-0.19999999999998863,-0.07692307692307256,2,package_text,3,0,0,True,False,0.0,0.0,True,260.0
266,label,193.0,9.74,10.63,14.47,210.0,192.51,0.4900000000000091,0.25388601036269903,2,package_text,3,0,0,True,False,0.0,0.0,True,193.0
267,nutrition_label,200.6,8.0,9.0,21.9,180.0,200.6,0.0,0.0,2,nutrition_table,3,0,0,True,True,0.29999999999999716,0.29999999999999716,True,200.0
269,nutrition_label,116.0,2.4,2.9,19.4,30.0,113.29999999999998,2.700000000000017,2.3275862068965663,2,nutrition_table,2,0,0,True,False,0.0,0.0,True,116.0
263,nutrition_label,51.9,,,12.9,450.0,51.6,0.29999999999999716,0.5780346820809193,2,nutrition_table,3,0,0,True,False,-0.19230769230769504,0.19230769230769504,True,52.0
288,label,408.5,6.9,28.1,32.0,150.0,408.5,0.0,0.0,2,nutrition_table,3,0,0,False,True,-0.12224938875305623,0.12224938875305623,True,409.0
281,nutrition_label,294.0,,33.0,53.0,60.0,509.0,-215.0,-73.12925170068027,1,nutrition_table,2,0,0,True,False,67.04545454545455,67.04545454545455,False,176.0
282,nutrition_label,210.0,5.0,9.0,27.0,210.0,209.0,1.0,0.4761904761904762,2,nutrition_table,3,0,0,False,False,0.0,0.0,True,210.0
284,product,250.0,8.0,10.0,30.0,250.0,242.0,8.0,3.2,1,visual_estimate,0,0,1,False,True,66.66666666666666,66.66666666666666,False,150.0
286,nutrition_label,141.0,8.9,3.7,7.3,32.0,98.10000000000001,42.89999999999999,30.42553191489361,2,nutrition_table,2,0,0,True,False,-67.95454545454545,67.95454545454545,False,440.0
300,nutrition_label,405.0,7.9,25.8,35.3,,405.0,0.0,0.0,2,nutrition_table,3,1,0,True,False,0.0,0.0,True,405.0
389,nutrition_label,535.0,11.0,32.0,53.0,36.0,544.0,-9.0,-1.6822429906542056,2,nutrition_table,3,0,0,True,False,0.0,0.0,True,535.0
355,nutrition_label,186.9,11.4,8.9,15.3,150.0,186.90000000000003,-2.842170943040401e-14,-1.5206907132372394e-14,2,nutrition_table,3,0,0,True,False,-0.05347593582887397,0.05347593582887397,True,187.0
357,nutrition_label,202.2,7.0,3.4,35.4,120.0,200.2,2.0,0.9891196834817014,2,nutrition_table,3,1,0,True,False,0.09900990099009338,0.09900990099009338,True,202.0
359,nutrition_label,130.0,4.0,5.0,17.0,100.0,129.0,1.0,0.7692307692307693,2,nutrition_table,2,0,0,False,False,0.0,0.0,True,130.0
378,nutrition_label,430.0,6.5,9.0,81.0,,431.0,-1.0,-0.23255813953488372,2,nutrition_table,2,1,0,True,False,0.0,0.0,True,430.0
367,label,487.7,5.4,24.5,62.1,300.0,490.5,-2.8000000000000114,-0.5741234365388582,2,nutrition_table,3,1,0,False,False,-0.0614754098360679,0.0614754098360679,True,488.0
368,nutrition_label,450.0,3.0,24.0,55.0,100.0,448.0,2.0,0.4444444444444444,2,nutrition_table,3,0,0,False,False,0.0,0.0,True,450.0
361,nutrition_label,40.7,9.3,0.3,0.2,300.0,40.7,0.0,0.0,2,nutrition_table,3,0,0,True,False,-0.7317073170731638,0.7317073170731638,True,41.0
366,nutrition_label,350.0,0.5,2.5,84.0,500.0,360.5,-10.5,-3.0,2,nutrition_table,3,1,0,False,True,0.0,0.0,True,350.0
379,nutrition_label,560.0,6.0,36.0,50.0,85.0,548.0,12.0,2.142857142857143,2,nutrition_table,3,1,0,True,False,0.0,0.0,True,560.0
381,nutrition_label,188.3,5.5,5.3,29.7,160.0,188.5,-0.19999999999998863,-0.10621348911311133,2,nutrition_table,3,0,0,True,True,0.15957446808511241,0.15957446808511241,True,188.0
385,nutrition_label,217.8,11.7,8.6,23.4,130.0,217.79999999999998,2.842170943040401e-14,1.3049453365658405e-14,2,nutrition_table,3,0,0,True,True,-0.09174311926604983,0.09174311926604983,True,218.0
475,nutrition_label,131.0,2.0,0.0,31.0,40.0,132.0,-1.0,-0.7633587786259541,2,nutrition_table,3,0,0,True,False,-59.9388379204893,59.9388379204893,False,327.0
410,nutrition_label,368.3,6.4,25.5,28.3,100.0,368.3,0.0,0.0,2,nutrition_table,3,1,0,False,True,0.08152173913043786,0.08152173913043786,True,368.0
393,label,416.0,2.4,,,42.0,9.6,406.4,97.6923076923077,2,package_text,3,0,0,True,False,0.0,0.0,True,416.0
398,nutrition_label,90.8,9.3,1.2,10.7,100.0,90.8,0.0,0.0,2,nutrition_table,3,0,0,True,False,-0.2197802197802229,0.2197802197802229,True,91.0
401,nutrition_label,326.0,11.1,18.4,29.0,90.0,326.0,0.0,0.0,2,nutrition_table,3,2,0,False,True,0.0,0.0,True,326.0
402,nutrition_label,370.0,6.5,18.0,45.0,60.0,368.0,2.0,0.5405405405405406,2,nutrition_table,3,0,0,True,False,0.0,0.0,True,370.0
405,nutrition_label,381.9,3.1,32.3,19.7,500.0,381.9,0.0,0.0,2,nutrition_table,3,0,0,True,True,-0.02617801047121014,0.02617801047121014,True,382.0
408,nutrition_label,122.0,4.86,3.51,17.82,270.0,122.31,-0.3100000000000023,-0.25409836065573954,2,nutrition_table,3,0,0,True,True,171.11111111111111,171.11111111111111,False,45.0
409,label,193.0,5.3,8.5,21.0,110.0,181.7,11.300000000000011,5.854922279792752,2,package_text,3,0,0,True,False,9.659090909090908,9.659090909090908,True,176.0
414,label,124.0,3.3,4.3,18.1,101.0,124.3,-0.29999999999999716,-0.24193548387096545,2,nutrition_table,3,0,0,True,False,0.0,0.0,True,124.0
415,nutrition_label,120.0,5.7,4.8,13.0,,118.0,2.0,1.6666666666666667,2,nutrition_table,3,1,0,True,False,0.0,0.0,True,120.0
416,nutrition_label,520.0,12.0,32.0,46.0,100.0,520.0,0.0,0.0,2,nutrition_table,3,1,0,False,True,0.0,0.0,True,520.0
417,label,240.0,,14.0,26.0,100.0,230.0,10.0,4.166666666666666,2,nutrition_table,3,0,0,True,False,0.0,0.0,True,240.0
418,nutrition_label,140.9,10.2,2.5,19.4,,140.89999999999998,2.842170943040401e-14,2.0171546792337832e-14,2,nutrition_table,3,1,0,True,False,-0.0709219858155988,0.0709219858155988,True,141.0
426,nutrition_label,191.0,20.0,6.1,4.1,60.0,151.3,39.69999999999999,20.785340314136118,2,nutrition_table,3,0,0,True,False,-40.12539184952978,40.12539184952978,False,319.0
427,nutrition_label,309.0,33.0,8.5,8.0,,240.5,68.5,22.168284789644012,2,nutrition_table,3,0,0,True,False,0.0,0.0,True,309.0
425,nutrition_label,234.3,7.4,10.3,28.0,1000.0,234.3,0.0,0.0,2,nutrition_table,3,0,0,True,False,0.12820512820513305,0.12820512820513305,True,234.0
751,nutrition_label,350.0,6.5,0.2,80.0,70.0,347.8,2.1999999999999886,0.6285714285714253,2,nutrition_table,3,0,0,True,False,0.0,0.0,True,350.0
429,label,140.3,3.7,7.5,14.5,160.0,140.3,0.0,0.0,2,package_text,3,1,0,False,True,0.2142857142857224,0.2142857142857224,True,140.0
432,nutrition_label,269.6,5.1,16.4,25.4,,269.6,0.0,0.0,2,nutrition_table,2,1,0,True,False,-0.14814814814813973,0.14814814814813973,True,270.0
434,nutrition_label,294.0,33.0,9.0,8.0,60.0,245.0,49.0,16.666666666666664,2,nutrition_table,3,0,0,True,False,67.04545454545455,67.04545454545455,False,176.0
435,label,74.3,1.4,4.3,7.5,270.0,74.3,0.0,0.0,2,package_text,3,0,0,True,False,0.40540540540540154,0.40540540540540154,True,74.0
436,nutrition_label,103.0,3.9,2.9,15.2,130.0,102.5,0.5,0.48543689320388345,2,nutrition_table,3,0,0,True,False,0.0,0.0,True,103.0
442,nutrition_label,243.7,8.8,14.9,18.6,140.0,243.70000000000002,-2.842170943040401e-14,-1.1662580808536728e-14,2,nutrition_table,3,0,0,True,True,-0.1229508196721358,0.1229508196721358,True,244.0
447,nutrition_label,127.0,7.0,5.0,18.0,45.0,145.0,-18.0,-14.173228346456693,2,nutrition_table,3,0,0,True,False,0.0,0.0,True,127.0
451,nutrition_label,170.1,11.7,5.3,18.9,130.0,170.1,0.0,0.0,2,nutrition_table,3,0,0,True,False,0.05882352941176136,0.05882352941176136,True,170.0
456,nutrition_label,116.65,3.5,4.05,16.55,50.0,116.65,0.0,0.0,2,nutrition_table,3,0,0,True,False,-49.93562231759656,49.93562231759656,False,233.0
459,label,287.8,10.0,14.6,29.1,125.0,287.8,0.0,0.0,2,nutrition_table,3,0,0,True,True,-0.0694444444444405,0.0694444444444405,True,288.0
461,label,297.1,2.9,0.3,70.7,120.0,297.1,0.0,0.0,2,package_text,3,0,0,True,False,0.03367003367004132,0.03367003367004132,True,297.0
464,nutrition_label,140.0,10.0,6.3,3.3,40.0,109.89999999999999,30.10000000000001,21.500000000000004,2,nutrition_table,3,0,0,True,False,-60.0,60.0,False,350.0
465,nutrition_label,157.0,10.0,6.8,6.4,40.0,126.79999999999998,30.200000000000017,19.235668789808926,2,nutrition_table,3,0,0,True,False,-59.846547314578004,59.846547314578004,False,391.0
468,label,243.6,9.2,12.8,22.9,170.0,243.6,0.0,0.0,2,nutrition_table,3,0,0,True,True,-0.16393442622951052,0.16393442622951052,True,244.0
471,nutrition_label,393.0,17.5,22.9,29.2,165.0,392.90000000000003,0.0999999999999659,0.02544529262085646,2,nutrition_table,3,0,0,True,False,65.12605042016807,65.12605042016807,False,238.0
476,nutrition_label,263.4,10.4,12.6,27.1,,263.4,0.0,0.0,2,nutrition_table,2,1,0,False,True,0.15209125475284307,0.15209125475284307,True,263.0
478,label,342.0,9.4,18.6,34.5,50.0,343.0,-1.0,-0.29239766081871343,2,package_text,3,0,0,True,False,0.0,0.0,True,342.0
481,label,91.0,4.4,0.6,16.9,400.0,90.6,0.4000000000000057,0.4395604395604458,2,package_text,3,0,0,True,False,0.0,0.0,True,91.0
488,nutrition_label,290.0,2.5,21.0,22.5,80.0,289.0,1.0,0.3448275862068966,2,nutrition_table,3,0,0,True,False,0.0,0.0,True,290.0
489,nutrition_label,350.0,4.5,24.0,30.0,,354.0,-4.0,-1.1428571428571428,2,nutrition_table,3,1,0,True,False,0.0,0.0,True,350.0
497,nutrition_label,252.6,8.1,19.0,12.3,200.0,252.60000000000002,-2.842170943040401e-14,-1.1251666441173401e-14,2,nutrition_table,3,1,0,True,True,-0.15810276679842122,0.15810276679842122,True,253.0
498,nutrition_label,515.0,5.5,25.0,67.0,45.0,515.0,0.0,0.0,2,nutrition_table,2,0,0,True,False,0.0,0.0,True,515.0
503,nutrition_label,430.0,5.0,22.0,52.0,,426.0,4.0,0.9302325581395349,2,nutrition_table,2,0,0,True,False,0.0,0.0,True,430.0
516,nutrition_label,217.2,12.5,8.8,22.0,120.0,217.2,0.0,0.0,2,nutrition_table,3,0,0,True,False,0.09216589861750628,0.09216589861750628,True,217.0
519,nutrition_label,321.9,10.1,7.0,53.9,,319.0,2.8999999999999773,0.9009009009008939,2,nutrition_table,3,1,0,False,True,-0.031055900621125072,0.031055900621125072,True,322.0
521,label,223.2,19.2,16.0,1.6,150.0,227.20000000000002,-4.000000000000028,-1.7921146953405145,2,package_text,3,0,0,True,False,0.08968609865470342,0.08968609865470342,True,223.0
545,nutrition_label,175.9,7.1,11.9,10.1,210.0,175.9,0.0,0.0,2,nutrition_table,3,0,0,True,True,-0.05681818181817858,0.05681818181817858,True,176.0
547,label,168.7,10.8,6.7,16.3,200.0,168.7,0.0,0.0,2,nutrition_table,3,1,0,True,False,-0.17751479289941502,0.17751479289941502,True,169.0
528,nutrition_label,290.0,3.5,12.0,41.0,,286.0,4.0,1.3793103448275863,2,nutrition_table,3,1,0,False,False,0.0,0.0,True,290.0
536,nutrition_label,138.5,7.1,6.9,24.5,120.0,188.5,-50.0,-36.101083032490976,2,nutrition_table,3,1,0,False,True,-26.525198938992045,26.525198938992045,False,188.5
554,label,95.6,9.3,1.2,11.9,,95.6,0.0,0.0,2,package_text,3,0,0,True,False,-0.41666666666667257,0.41666666666667257,True,96.0
541,nutrition_label,231.6,5.8,6.8,36.8,120.0,231.59999999999997,2.842170943040401e-14,1.2271895263559589e-14,2,nutrition_table,3,0,0,True,False,-0.17241379310345073,0.17241379310345073,True,232.0
542,nutrition_label,376.8,6.4,6.0,74.3,100.0,376.79999999999995,5.684341886080802e-14,1.5085833031000004e-14,2,nutrition_table,3,1,0,False,False,-0.05305039787798107,0.05305039787798107,True,377.0
552,nutrition_label,71.5,3.0,1.5,11.5,,71.5,0.0,0.0,2,nutrition_table,3,0,0,True,False,-0.6944444444444444,0.6944444444444444,True,72.0
553,nutrition_label,117.0,,,,26.0,0.0,117.0,100.0,2,nutrition_table,3,0,0,True,False,0.0,0.0,True,117.0
557,label,324.0,4.0,0.0,77.0,50.0,324.0,0.0,0.0,2,package_text,3,0,0,False,False,0.0,0.0,True,324.0
558,label,242.0,,14.0,22.0,180.0,214.0,28.0,11.570247933884298,2,package_text,3,0,0,True,False,0.0,0.0,True,242.0
563,nutrition_label,74.9,2.8,2.5,10.3,,74.9,0.0,0.0,2,nutrition_table,2,0,0,True,False,-0.13333333333332575,0.13333333333332575,True,75.0
564,nutrition_label,146.2,4.7,2.6,26.0,150.0,146.2,0.0,0.0,2,nutrition_table,3,0,0,True,False,0.13698630136985523,0.13698630136985523,True,146.0
565,nutrition_label,273.0,7.0,8.0,44.0,175.0,276.0,-3.0,-1.098901098901099,2,nutrition_table,3,0,0,False,False,0.0,0.0,True,273.0
566,nutrition_label,307.0,3.8,15.8,37.5,,307.4,-0.39999999999997726,-0.1302931596091131,2,nutrition_table,3,0,0,True,False,0.0,0.0,True,307.0
571,nutrition_label,244.0,18.7,6.0,28.9,170.0,244.4,-0.4000000000000057,-0.16393442622951052,2,nutrition_table,3,0,0,True,False,0.0,0.0,True,244.0
573,label,225.0,2.9,7.1,37.5,90.0,225.5,-0.5,-0.2222222222222222,2,package_text,3,0,0,True,False,0.0,0.0,True,225.0
578,nutrition_label,220.0,3.5,14.0,21.0,,224.0,-4.0,-1.8181818181818181,2,nutrition_table,3,1,0,True,False,0.0,0.0,True,220.0
579,nutrition_label,122.0,,,,64.0,0.0,122.0,100.0,2,nutrition_table,3,0,0,True,False,0.0,0.0,True,122.0
590,label,179.0,,,,,0.0,179.0,100.0,2,package_text,3,1,0,True,False,0.0,0.0,True,179.0
586,label,188.6,14.5,8.2,14.2,200.0,188.60000000000002,-2.842170943040401e-14,-1.5069835328952284e-14,2,package_text,3,0,0,True,False,-0.21164021164021465,0.21164021164021465,True,189.0
588,nutrition_label,141.4,6.4,6.6,14.1,230.0,141.4,0.0,0.0,2,nutrition_table,3,1,0,False,True,0.2836879432624154,0.2836879432624154,True,141.0
583,nutrition_label,315.6,5.4,17.6,33.9,100.0,315.6,0.0,0.0,2,nutrition_table,3,1,0,True,True,-0.12658227848100545,0.12658227848100545,True,316.0
589,nutrition_label,202.2,7.0,3.4,36.4,120.0,204.2,-2.0,-0.9891196834817014,2,nutrition_table,3,0,0,True,False,0.09900990099009338,0.09900990099009338,True,202.0
597,nutrition_label,242.5,10.8,10.5,26.2,110.0,242.5,0.0,0.0,2,nutrition_table,3,0,0,True,False,-0.205761316872428,0.205761316872428,True,243.0
599,nutrition_label,200.0,9.0,7.0,26.0,140.0,203.0,-3.0,-1.5,2,nutrition_table,3,0,0,True,False,0.0,0.0,True,200.0
657,nutrition_label,290.0,5.46,15.51,31.34,150.0,286.79,3.2099999999999795,1.106896551724131,2,nutrition_table,3,0,0,True,False,0.0,0.0,True,290.0
611,nutrition_label,246.0,3.2,11.7,31.6,73.0,244.5,1.5,0.6097560975609756,2,nutrition_table,3,0,0,True,False,0.0,0.0,True,246.0
621,nutrition_label,532.0,8.3,30.0,56.0,35.0,527.2,4.7999999999999545,0.9022556390977358,2,nutrition_table,3,0,0,True,False,0.0,0.0,True,532.0
637,nutrition_label,136.2,14.7,8.6,,150.0,136.2,0.0,0.0,2,nutrition_table,3,0,0,True,False,0.14705882352940342,0.14705882352940342,True,136.0
623,nutrition_label,540.0,,32.0,,,288.0,252.0,46.666666666666664,1,nutrition_table,2,1,1,True,True,0.0,0.0,True,540.0
627,nutrition_label,342.7,8.0,10.3,54.5,65.0,342.7,0.0,0.0,2,nutrition_table,3,0,0,True,False,-0.08746355685131527,0.08746355685131527,True,343.0
628,nutrition_label,173.9,10.6,10.3,9.7,180.0,173.89999999999998,2.842170943040401e-14,1.634370870063485e-14,2,nutrition_table,3,0,0,True,False,-0.05747126436781283,0.05747126436781283,True,174.0
632,nutrition_label,287.8,17.0,23.8,1.4,150.0,287.80000000000007,-5.684341886080802e-14,-1.9751014197640033e-14,2,nutrition_table,3,0,0,True,True,-0.0694444444444405,0.0694444444444405,True,288.0
645,nutrition_label,59.3,3.0,2.5,6.2,,59.3,0.0,0.0,2,nutrition_table,3,0,0,True,False,0.5084745762711816,0.5084745762711816,True,59.0
648,nutrition_label,183.0,8.0,7.0,23.0,350.0,187.0,-4.0,-2.185792349726776,2,nutrition_table,3,0,0,True,True,0.0,0.0,True,183.0
649,nutrition_label,180.0,,7.2,16.4,68.0,130.39999999999998,49.60000000000002,27.555555555555568,2,nutrition_table,2,0,0,True,False,0.0,0.0,True,180.0
652,nutrition_label,440.0,5.1,18.6,62.4,200.0,437.4,2.6000000000000227,0.5909090909090962,2,nutrition_table,3,1,0,False,False,0.0,0.0,True,440.0
660,nutrition_label,153.2,16.1,4.0,13.2,150.0,153.2,0.0,0.0,2,nutrition_table,3,1,0,True,False,0.13071895424835858,0.13071895424835858,True,153.0
676,label,210.0,0.5,20.0,7.0,,210.0,0.0,0.0,2,package_text,3,1,0,True,False,0.0,0.0,True,210.0
663,nutrition_label,207.0,6.8,1.3,41.5,390.0,204.9,2.0999999999999943,1.0144927536231858,2,nutrition_table,3,0,0,True,False,0.0,0.0,True,207.0
662,nutrition_label,208.0,6.0,18.0,5.4,140.0,207.6,0.4000000000000057,0.19230769230769504,2,nutrition_table,3,0,0,True,False,0.0,0.0,True,208.0
661,label,219.0,7.0,3.0,56.0,400.0,279.0,-60.0,-27.397260273972602,2,package_text,3,0,0,True,False,0.0,0.0,True,219.0
665,nutrition_label,99.8,6.0,3.8,10.4,,99.8,0.0,0.0,2,nutrition_table,3,0,0,True,False,-0.20000000000000281,0.20000000000000281,True,100.0
675,label,200.0,4.0,3.0,39.0,115.0,199.0,1.0,0.5,2,nutrition_table,3,0,0,True,False,0.0,0.0,True,200.0
697,label,178.5,6.45,9.0,17.85,150.0,178.2,0.30000000000001137,0.16806722689076267,2,nutrition_table,3,0,0,True,False,50.0,50.0,False,119.0
698,nutrition_label,490.0,5.0,36.0,32.0,168.0,472.0,18.0,3.6734693877551026,2,nutrition_table,3,0,0,False,False,0.0,0.0,True,490.0
680,nutrition_label,448.8,10.9,24.4,45.9,250.0,446.79999999999995,2.000000000000057,0.44563279857398774,2,nutrition_table,3,1,0,True,False,0.40268456375839184,0.40268456375839184,True,447.0
689,label,330.0,3.5,0.1,79.0,11.0,330.9,-0.8999999999999773,-0.2727272727272659,2,package_text,3,0,0,True,False,0.0,0.0,True,330.0
681,label,235.0,69.0,10.0,28.0,300.0,478.0,-243.0,-103.40425531914894,2,package_text,3,0,0,True,False,0.0,0.0,True,235.0
700,nutrition_label,230.0,6.3,22.3,,140.0,225.9,4.099999999999994,1.7826086956521714,2,nutrition_table,3,0,0,True,False,0.0,0.0,True,230.0
707,nutrition_label,430.0,4.0,20.0,50.0,150.0,396.0,34.0,7.906976744186046,2,nutrition_table,3,0,0,False,False,0.0,0.0,True,430.0
709,label,203.5,4.9,9.5,24.6,175.0,203.5,0.0,0.0,2,nutrition_table,3,0,0,True,False,-0.24509803921568626,0.24509803921568626,True,204.0
712,nutrition_label,364.0,5.0,16.0,46.0,600.0,348.0,16.0,4.395604395604396,2,nutrition_table,3,1,0,True,False,0.0,0.0,True,364.0
718,nutrition_label,175.7,13.5,1.3,27.5,90.0,175.7,0.0,0.0,2,nutrition_table,3,0,0,True,False,-0.1704545454545519,0.1704545454545519,True,176.0
719,label,323.0,5.9,17.6,35.3,235.0,323.2,-0.19999999999998863,-0.06191950464395933,2,package_text,3,0,0,False,False,0.0,0.0,True,323.0
722,nutrition_label,230.0,10.0,8.5,30.0,180.0,236.5,-6.5,-2.8260869565217392,2,nutrition_table,3,0,0,True,False,0.0,0.0,True,230.0
736,nutrition_label,99.2,20.0,,4.8,160.0,99.2,0.0,0.0,2,nutrition_table,3,0,0,True,False,60.00000000000001,60.00000000000001,False,62.0
739,nutrition_label,640.0,1.2,62.0,19.6,100.0,641.1999999999999,-1.1999999999999318,-0.18749999999998934,2,nutrition_table,3,0,0,True,False,0.0,0.0,True,640.0
741,nutrition_label,230.6,5.3,12.6,24.0,100.0,230.6,0.0,0.0,2,nutrition_table,3,1,0,False,True,-0.17316017316017562,0.17316017316017562,True,231.0
743,nutrition_label,330.3,8.5,12.3,46.4,80.0,330.29999999999995,5.684341886080802e-14,1.720963332146776e-14,2,nutrition_table,3,0,0,True,False,0.09090909090909435,0.09090909090909435,True,330.0
746,label,300.0,3.5,16.0,35.5,,300.0,0.0,0.0,2,package_text,3,0,0,True,False,0.0,0.0,True,300.0
747,nutrition_label,210.0,3.0,8.0,30.5,100.0,206.0,4.0,1.9047619047619049,2,nutrition_table,3,0,0,True,False,0.0,0.0,True,210.0
748,nutrition_label,230.0,3.0,12.0,28.0,55.0,232.0,-2.0,-0.8695652173913043,2,nutrition_table,3,0,0,True,False,0.0,0.0,True,230.0
758,nutrition_label,63.1,2.8,1.5,9.6,,63.099999999999994,7.105427357601002e-15,1.1260582183202856e-14,2,nutrition_table,3,0,0,True,False,0.158730158730161,0.158730158730161,True,63.0
782,nutrition_label,360.0,3.5,23.0,35.0,,361.0,-1.0,-0.2777777777777778,2,nutrition_table,2,0,0,True,False,0.0,0.0,True,360.0
761,nutrition_label,364.0,6.3,24.8,28.9,,364.0,0.0,0.0,2,nutrition_table,3,1,0,True,False,0.0,0.0,True,364.0
760,nutrition_label,291.8,7.2,13.8,34.7,150.0,291.8,0.0,0.0,2,nutrition_table,3,0,0,True,False,-0.06849315068492762,0.06849315068492762,True,292.0
762,nutrition_label,272.0,3.4,11.0,40.0,280.0,272.6,-0.6000000000000227,-0.22058823529412602,2,nutrition_table,3,0,0,True,False,0.0,0.0,True,272.0
764,nutrition_label,440.0,8.0,26.0,41.0,,430.0,10.0,2.272727272727273,2,nutrition_table,3,1,0,True,False,0.0,0.0,True,440.0
771,nutrition_label,396.1,13.4,22.1,35.9,,396.1,0.0,0.0,2,nutrition_table,3,0,0,True,False,0.025252525252530994,0.025252525252530994,True,396.0
789,nutrition_label,363.0,7.7,17.2,44.5,,363.6,-0.6000000000000227,-0.16528925619835336,2,nutrition_table,3,0,0,True,False,0.0,0.0,True,363.0
790,nutrition_label,319.1,9.9,18.5,27.8,135.0,317.3,1.8000000000000114,0.5640864932623038,2,nutrition_table,3,0,0,True,True,0.031347962382452264,0.031347962382452264,True,319.0
793,nutrition_label,406.6,5.7,16.6,50.8,,375.4,31.200000000000045,7.673389080177088,2,nutrition_table,3,1,0,True,False,-0.09828009828009268,0.09828009828009268,True,407.0
794,label,315.0,5.7,16.0,39.0,105.0,322.8,-7.800000000000011,-2.47619047619048,2,package_text,3,1,0,True,False,0.0,0.0,True,315.0
795,nutrition_label,534.0,5.7,30.0,59.0,260.0,528.8,5.2000000000000455,0.973782771535589,2,nutrition_table,3,1,0,True,False,0.0,0.0,True,534.0
798,nutrition_label,177.99,4.0,5.55,28.01,170.0,177.99,0.0,0.0,2,nutrition_table,3,0,0,False,True,-0.005617977528084778,0.005617977528084778,True,178.0
804,nutrition_label,274.6,7.1,16.2,25.1,140.0,274.6,0.0,0.0,2,nutrition_table,3,0,0,True,True,-0.14545454545453718,0.14545454545453718,True,275.0
809,label,100.0,,3.1,12.0,0.25,75.9,24.099999999999994,24.099999999999994,2,package_text,3,0,0,True,True,0.0,0.0,True,100.0
811,nutrition_label,167.2,4.6,4.4,27.3,120.0,167.2,0.0,0.0,2,nutrition_table,3,1,0,True,True,0.11976047904190935,0.11976047904190935,True,167.0
817,nutrition_label,404.0,8.0,10.0,70.0,,402.0,2.0,0.49504950495049505,2,nutrition_table,3,0,0,True,False,0.0,0.0,True,404.0
820,label,238.7,14.0,7.1,29.7,90.0,238.7,0.0,0.0,2,package_text,3,0,0,True,False,-0.125523012552306,0.125523012552306,True,239.0
837,nutrition_label,115.0,7.6,4.2,11.7,100.0,115.0,0.0,0.0,2,nutrition_table,3,0,0,True,False,0.0,0.0,True,115.0
838,nutrition_label,115.0,7.6,4.2,11.7,100.0,115.0,0.0,0.0,2,nutrition_table,3,0,0,True,False,0.0,0.0,True,115.0
821,nutrition_label,223.8,4.8,12.2,23.7,,223.8,0.0,0.0,2,nutrition_table,3,1,0,True,False,-0.08928571428570921,0.08928571428570921,True,224.0
823,nutrition_label,218.6,19.1,11.4,9.9,200.0,218.6,0.0,0.0,2,nutrition_table,3,0,0,False,True,-0.18264840182648662,0.18264840182648662,True,219.0
828,nutrition_label,340.0,8.0,18.0,38.0,,346.0,-6.0,-1.7647058823529411,2,nutrition_table,3,1,0,True,False,0.0,0.0,True,340.0
829,nutrition_label,188.3,5.5,5.3,29.7,160.0,188.5,-0.19999999999998863,-0.10621348911311133,2,nutrition_table,3,0,0,True,False,0.15957446808511241,0.15957446808511241,True,188.0
830,nutrition_label,280.0,0.9,,72.5,50.0,293.6,-13.600000000000023,-4.857142857142866,2,nutrition_table,3,0,0,True,False,0.0,0.0,True,280.0
833,nutrition_label,184.1,9.4,8.5,17.5,175.0,184.1,0.0,0.0,2,nutrition_table,3,0,0,True,True,0.05434782608695343,0.05434782608695343,True,184.0
834,nutrition_label,385.7,5.4,23.7,37.7,100.0,385.7,0.0,0.0,2,nutrition_table,3,1,0,False,True,-0.07772020725388895,0.07772020725388895,True,386.0
839,nutrition_label,360.0,4.5,2.0,81.0,55.0,360.0,0.0,0.0,2,nutrition_table,3,1,0,True,False,0.0,0.0,True,360.0
841,nutrition_label,509.0,3.6,25.3,66.7,100.0,508.90000000000003,0.0999999999999659,0.019646365422390157,2,nutrition_table,2,2,0,True,False,0.0,0.0,True,509.0
870,nutrition_label,614.2,10.3,45.4,41.1,45.0,614.1999999999999,1.1368683772161603e-13,1.850974238385152e-14,2,nutrition_table,3,0,0,True,False,0.032573289902287535,0.032573289902287535,True,614.0
850,label,488.0,8.0,23.0,53.1,32.0,451.4,36.60000000000002,7.500000000000005,2,nutrition_table,3,0,0,True,False,0.0,0.0,True,488.0
851,label,49.0,1.5,3.0,4.0,0.27,49.0,0.0,0.0,2,package_text,3,1,0,True,False,0.0,0.0,True,49.0
853,nutrition_label,210.1,4.4,12.9,19.1,140.0,210.10000000000002,-2.842170943040401e-14,-1.352770558324798e-14,2,nutrition_table,3,0,0,False,True,0.04761904761904492,0.04761904761904492,True,210.0
871,label,243.2,4.1,16.8,12.2,150.0,216.40000000000003,26.799999999999955,11.019736842105244,2,package_text,3,0,0,True,False,0.08230452674896652,0.08230452674896652,True,243.0
857,nutrition_label,417.0,6.9,21.5,,90.0,221.1,195.9,46.97841726618705,2,nutrition_table,2,0,0,True,False,0.0,0.0,True,417.0
875,nutrition_label,320.0,5.0,22.0,25.5,80.0,320.0,0.0,0.0,2,nutrition_table,3,0,0,True,False,0.0,0.0,True,320.0
878,nutrition_label,265.0,5.5,19.4,8.9,100.0,232.2,32.80000000000001,12.377358490566042,2,nutrition_table,3,1,0,True,False,0.0,0.0,True,265.0
867,nutrition_label,198.9,4.2,8.9,25.5,160.0,198.9,0.0,0.0,2,nutrition_table,3,0,0,True,True,-0.05025125628140418,0.05025125628140418,True,199.0
868,nutrition_label,495.0,4.0,25.1,65.6,36.0,504.29999999999995,-9.299999999999955,-1.8787878787878698,2,nutrition_table,3,0,0,True,False,0.0,0.0,True,495.0
869,nutrition_label,550.0,10.0,30.7,48.3,60.0,509.5,40.5,7.363636363636364,2,nutrition_table,3,0,0,True,False,0.0,0.0,True,550.0
778,label,200.2,7.0,3.4,35.4,100.0,200.2,0.0,0.0,2,nutrition_table,3,0,0,True,True,0.09999999999999432,0.09999999999999432,True,200.0
885,nutrition_label,287.8,10.0,14.6,29.1,125.0,287.8,0.0,0.0,2,nutrition_table,3,0,0,True,True,-0.0694444444444405,0.0694444444444405,True,288.0
894,nutrition_label,283.0,12.0,15.0,25.0,130.0,283.0,0.0,0.0,2,nutrition_table,3,0,0,True,True,0.0,0.0,True,283.0
898,nutrition_label,218.6,11.0,8.2,25.2,130.0,218.6,0.0,0.0,2,nutrition_table,3,0,0,True,False,-0.18264840182648662,0.18264840182648662,True,219.0
900,nutrition_label,550.0,10.0,38.7,48.3,60.0,581.5,-31.5,-5.7272727272727275,2,nutrition_table,3,0,0,True,False,0.0,0.0,True,550.0
901,label,530.0,7.5,30.0,56.0,75.0,524.0,6.0,1.1320754716981132,2,package_text,3,0,0,True,False,0.0,0.0,True,530.0
902,nutrition_label,385.5,0.5,3.0,92.1,45.0,397.4,-11.899999999999977,-3.0869001297016805,2,nutrition_table,3,0,0,True,False,-0.1295336787564767,0.1295336787564767,True,386.0
950,nutrition_label,136.2,14.7,0.6,,150.0,64.2,71.99999999999999,52.86343612334801,2,nutrition_table,3,1,0,True,False,0.14705882352940342,0.14705882352940342,True,136.0
910,nutrition_label,220.0,5.6,22.2,,100.0,222.2,-2.1999999999999886,-0.9999999999999948,2,nutrition_table,3,0,0,True,False,0.0,0.0,True,220.0
912,nutrition_label,370.0,5.0,0.1,88.0,,372.9,-2.8999999999999773,-0.7837837837837777,2,nutrition_table,3,1,0,False,False,0.0,0.0,True,370.0
962,nutrition_label,270.0,8.2,15.8,22.7,,265.8,4.199999999999989,1.5555555555555514,2,nutrition_table,3,1,0,True,False,0.0,0.0,True,270.0
966,nutrition_label,329.0,5.8,9.0,54.6,240.0,322.6,6.399999999999977,1.9452887537993853,2,nutrition_table,2,0,0,False,False,0.0,0.0,True,329.0
971,nutrition_label,529.0,10.0,31.0,51.0,100.0,523.0,6.0,1.1342155009451798,2,nutrition_table,3,1,0,False,False,0.0,0.0,True,529.0
982,nutrition_label,385.5,0.5,3.0,92.1,,397.4,-11.899999999999977,-3.0869001297016805,2,nutrition_table,3,1,0,True,False,-0.1295336787564767,0.1295336787564767,True,386.0
1016,nutrition_label,240.0,3.0,,,45.0,12.0,228.0,95.0,2,nutrition_table,3,0,0,True,False,-54.285714285714285,54.285714285714285,False,525.0
992,nutrition_label,279.7,10.4,14.5,26.9,200.0,279.7,0.0,0.0,2,nutrition_table,3,0,0,True,True,-0.1071428571428612,0.1071428571428612,True,280.0
1008,nutrition_label,476.0,5.3,20.5,70.5,,487.7,-11.699999999999989,-2.4579831932773084,2,nutrition_table,2,0,0,True,False,0.0,0.0,True,476.0
996,label,78.0,3.4,1.8,12.1,125.0,78.19999999999999,-0.19999999999998863,-0.25641025641024184,2,package_text,3,0,0,True,False,-20.408163265306122,20.408163265306122,False,98.0
997,label,469.0,5.6,23.6,58.5,60.0,468.8,0.19999999999998863,0.042643923240935744,2,package_text,3,0,0,True,False,0.0,0.0,True,469.0
993,nutrition_label,221.4,12.9,18.2,1.5,0.374,221.39999999999998,2.842170943040401e-14,1.2837267132070463e-14,2,nutrition_table,2,1,0,False,False,0.18099547511312475,0.18099547511312475,True,221.0
1000,label,410.0,1.1,20.0,56.5,27.0,410.4,-0.39999999999997726,-0.09756097560975056,2,package_text,3,0,0,True,False,0.0,0.0,True,410.0
1017,nutrition_label,554.0,7.2,34.6,53.6,100.0,554.6,-0.6000000000000227,-0.10830324909747702,2,nutrition_table,3,1,0,True,False,0.0,0.0,True,554.0
1001,nutrition_label,419.0,4.0,15.0,67.0,90.0,419.0,0.0,0.0,2,nutrition_table,3,0,0,False,False,0.0,0.0,True,419.0
1018,label,540.0,7.5,33.0,54.0,85.0,543.0,-3.0,-0.5555555555555556,2,package_text,3,0,0,True,False,0.0,0.0,True,540.0
1019,nutrition_label,490.0,9.0,24.0,60.0,40.0,492.0,-2.0,-0.40816326530612246,2,nutrition_table,3,1,0,True,False,0.0,0.0,True,490.0
1027,label,555.0,7.2,34.6,53.6,100.0,554.6,0.39999999999997726,0.07207207207206798,2,package_text,3,0,0,True,False,0.0,0.0,True,555.0
1026,nutrition_label,580.0,7.0,40.0,48.0,100.0,580.0,0.0,0.0,2,nutrition_table,3,0,0,True,False,0.0,0.0,True,580.0
1025,nutrition_label,380.0,4.4,24.9,36.3,100.0,386.9,-6.899999999999977,-1.8157894736842046,2,nutrition_table,3,0,0,True,False,0.0,0.0,True,380.0
1031,nutrition_label,94.8,9.3,1.2,11.7,150.0,94.8,0.0,0.0,2,nutrition_table,3,0,0,True,False,-0.21052631578947667,0.21052631578947667,True,95.0
1032,nutrition_label,212.9,9.6,10.1,20.9,,212.89999999999998,2.842170943040401e-14,1.3349793062660407e-14,2,nutrition_table,3,1,0,True,True,-0.04694835680750907,0.04694835680750907,True,213.0
1034,nutrition_label,338.0,6.2,16.5,43.6,450.0,347.70000000000005,-9.700000000000045,-2.869822485207114,2,nutrition_table,3,0,0,True,False,0.0,0.0,True,338.0
1035,nutrition_label,90.0,16.0,3.0,,120.0,91.0,-1.0,-1.1111111111111112,2,nutrition_table,3,0,0,True,False,0.0,0.0,True,90.0
1036,nutrition_label,294.0,26.7,20.8,,130.0,294.0,0.0,0.0,2,nutrition_table,3,0,0,True,False,0.0,0.0,True,294.0
1039,nutrition_label,480.0,4.0,20.0,70.0,75.0,476.0,4.0,0.8333333333333334,2,nutrition_table,3,1,0,True,False,0.0,0.0,True,480.0
1041,nutrition_label,330.8,4.0,0.0,78.7,70.0,330.8,0.0,0.0,2,nutrition_table,3,0,0,True,False,-0.06042296072507209,0.06042296072507209,True,331.0
1042,nutrition_label,190.5,4.8,7.3,26.4,150.0,190.5,0.0,0.0,2,nutrition_table,3,1,0,True,False,-0.2617801047120419,0.2617801047120419,True,191.0
1055,label,40.0,,,10.0,500.0,40.0,0.0,0.0,2,package_text,3,0,0,True,False,0.0,0.0,True,40.0
1067,nutrition_label,490.0,6.0,27.0,63.0,100.0,519.0,-29.0,-5.918367346938775,2,nutrition_table,2,2,0,True,False,0.0,0.0,True,490.0
1051,nutrition_label,750.0,0.6,82.5,0.8,,748.1,1.8999999999999773,0.2533333333333303,2,nutrition_table,3,1,0,True,False,0.0,0.0,True,750.0
1081,label,342.2,6.1,18.2,38.5,130.0,342.2,0.0,0.0,2,nutrition_table,3,1,0,True,False,0.05847953216373936,0.05847953216373936,True,342.0
1082,nutrition_label,310.0,0.6,0.0,76.4,100.0,308.0,2.0,0.6451612903225806,2,nutrition_table,3,0,0,False,False,0.0,0.0,True,310.0
1083,nutrition_label,488.0,8.5,21.0,66.0,32.0,487.0,1.0,0.20491803278688525,2,nutrition_table,3,0,0,True,False,0.0,0.0,True,488.0
1103,nutrition_label,488.0,8.5,21.0,66.0,32.0,487.0,1.0,0.20491803278688525,2,nutrition_table,3,0,0,True,False,0.0,0.0,True,488.0
1090,nutrition_label,95.0,3.8,2.8,14.0,,96.4,-1.4000000000000057,-1.473684210526322,2,nutrition_table,3,0,0,True,False,0.0,0.0,True,95.0
1091,nutrition_label,152.0,20.0,8.0,,300.0,152.0,0.0,0.0,2,nutrition_table,3,0,0,False,True,0.0,0.0,True,152.0
1094,label,261.0,3.6,11.8,29.8,500.0,239.8,21.19999999999999,8.12260536398467,2,package_text,3,1,0,False,True,8.29875518672199,8.29875518672199,True,241.0
1101,nutrition_label,453.0,6.1,27.6,43.7,26.0,447.6,5.399999999999977,1.1920529801324453,2,nutrition_table,2,0,0,True,False,0.0,0.0,True,453.0
1102,nutrition_label,401.0,3.4,,,25.0,13.6,387.4,96.60847880299251,2,nutrition_table,2,0,0,True,False,0.0,0.0,True,401.0
1115,label,204.0,0.3,17.2,3.0,183.0,167.99999999999997,36.00000000000003,17.647058823529427,2,package_text,3,1,0,False,True,0.0,0.0,True,204.0
1112,nutrition_label,315.0,5.0,15.0,40.0,400.0,315.0,0.0,0.0,2,nutrition_table,3,1,0,True,False,0.0,0.0,True,315.0
1117,nutrition_label,540.0,6.5,30.0,62.0,95.0,544.0,-4.0,-0.7407407407407408,2,nutrition_table,3,0,0,True,False,-76.10619469026548,76.10619469026548,False,2260.0
1131,nutrition_label,258.0,6.5,12.2,30.5,80.0,257.8,0.19999999999998863,0.07751937984495684,2,nutrition_table,3,0,0,True,False,0.0,0.0,True,258.0
1138,nutrition_label,204.0,2.5,20.0,3.4,,203.6,0.4000000000000057,0.1960784313725518,2,nutrition_table,3,0,0,True,False,0.0,0.0,True,204.0
1164,nutrition_label,287.0,5.5,17.0,28.0,100.0,287.0,0.0,0.0,2,nutrition_table,3,0,0,False,False,0.0,0.0,True,287.0
1133,nutrition_label,530.0,19.0,33.0,39.0,170.0,529.0,1.0,0.18867924528301888,2,nutrition_table,3,0,0,True,False,0.0,0.0,True,530.0
1145,nutrition_label,187.7,24.7,8.9,2.2,300.0,187.70000000000002,-2.842170943040401e-14,-1.5142093463188072e-14,2,nutrition_table,3,0,0,True,False,-0.15957446808511241,0.15957446808511241,True,188.0
1146,nutrition_label,88.0,6.2,,15.7,100.0,87.6,0.4000000000000057,0.454545454545461,2,nutrition_table,3,0,0,True,True,0.0,0.0,True,88.0
1154,nutrition_label,345.0,4.5,15.0,48.0,185.0,345.0,0.0,0.0,2,nutrition_table,3,1,0,False,True,0.0,0.0,True,345.0
1156,nutrition_label,325.0,5.5,23.0,24.0,,325.0,0.0,0.0,2,nutrition_table,3,1,0,False,True,0.0,0.0,True,325.0
1157,nutrition_label,374.0,3.0,18.0,50.0,,374.0,0.0,0.0,2,nutrition_table,3,1,0,False,True,0.0,0.0,True,374.0
1169,nutrition_label,302.4,5.7,19.2,26.7,130.0,302.4,0.0,0.0,2,nutrition_table,3,0,0,True,False,0.1324503311258203,0.1324503311258203,True,302.0
1167,nutrition_label,287.0,8.6,17.2,24.4,170.0,286.79999999999995,0.20000000000004547,0.06968641114984163,2,nutrition_table,3,0,0,True,False,0.0,0.0,True,287.0
1166,nutrition_label,232.0,7.5,1.0,48.5,500.0,233.0,-1.0,-0.43103448275862066,2,nutrition_table,3,0,0,True,False,0.0,0.0,True,232.0
1165,label,149.3,17.0,7.3,3.9,0.38,149.29999999999998,2.842170943040401e-14,1.9036643958743472e-14,2,package_text,3,0,0,False,True,0.20134228187920225,0.20134228187920225,True,149.0
1178,nutrition_label,137.0,5.7,2.6,22.7,243.0,137.0,0.0,0.0,2,nutrition_table,3,0,0,False,True,0.0,0.0,True,137.0
1183,label,293.0,8.2,13.6,34.3,0.3,292.4,0.6000000000000227,0.2047781569965948,2,package_text,3,1,0,False,False,0.0,0.0,True,293.0
1184,nutrition_label,535.0,11.0,32.0,53.0,36.0,544.0,-9.0,-1.6822429906542056,2,nutrition_table,3,0,0,True,False,0.0,0.0,True,535.0
1189,nutrition_label,370.0,6.0,22.0,38.0,,374.0,-4.0,-1.0810810810810811,2,nutrition_table,3,0,0,True,False,0.0,0.0,True,370.0
1190,nutrition_label,518.4,3.3,28.7,46.4,45.0,457.1,61.299999999999955,11.824845679012338,2,nutrition_table,2,0,0,True,False,0.07722007722007283,0.07722007722007283,True,518.0
1191,label,290.0,5.0,14.0,37.0,100.0,294.0,-4.0,-1.3793103448275863,2,nutrition_table,3,1,0,True,False,0.0,0.0,True,290.0
1192,nutrition_label,422.5,6.2,22.9,47.9,100.0,422.5,0.0,0.0,2,nutrition_table,3,0,0,True,True,-0.1182033096926714,0.1182033096926714,True,423.0
1194,nutrition_label,290.0,8.0,8.5,46.0,100.0,292.5,-2.5,-0.8620689655172413,2,nutrition_table,3,0,0,True,False,0.0,0.0,True,290.0
1195,nutrition_label,336.9,8.2,23.7,22.5,180.0,336.09999999999997,0.8000000000000114,0.23745918670228894,2,nutrition_table,3,0,0,True,False,-0.029673590504457788,0.029673590504457788,True,337.0
1196,nutrition_label,365.0,6.0,17.0,47.0,76.0,365.0,0.0,0.0,2,nutrition_table,2,0,0,True,False,0.0,0.0,True,365.0
1198,nutrition_label,480.0,4.0,20.0,70.0,75.0,476.0,4.0,0.8333333333333334,2,nutrition_table,3,0,0,True,False,0.0,0.0,True,480.0
1201,label,168.7,10.8,6.7,16.3,200.0,168.7,0.0,0.0,2,package_text,3,0,0,True,False,-0.17751479289941502,0.17751479289941502,True,169.0
1202,nutrition_label,472.0,6.3,22.0,60.2,,464.0,8.0,1.694915254237288,2,nutrition_table,3,1,0,True,False,0.0,0.0,True,472.0
1210,nutrition_label,326.3,8.4,19.1,30.2,,326.3,0.0,0.0,2,nutrition_table,3,1,0,True,False,0.0920245398773041,0.0920245398773041,True,326.0
1211,nutrition_label,314.0,,17.5,34.0,65.0,293.5,20.5,6.528662420382165,2,nutrition_table,3,0,0,True,False,0.0,0.0,True,314.0
1212,label,384.5,11.4,25.1,21.5,140.0,357.5,27.0,7.022106631989597,2,package_text,3,0,0,True,True,-0.12987012987012986,0.12987012987012986,True,385.0
1216,nutrition_label,307.4,2.6,17.0,36.0,40.0,307.4,0.0,0.0,2,nutrition_table,3,0,0,True,False,0.1302931596091131,0.1302931596091131,True,307.0
1214,nutrition_label,363.0,3.2,17.1,49.0,250.0,362.70000000000005,0.2999999999999545,0.08264462809916102,2,nutrition_table,3,0,0,True,False,0.0,0.0,True,363.0
1217,nutrition_label,291.4,5.5,13.0,38.1,120.0,291.4,0.0,0.0,2,nutrition_table,3,0,0,True,False,0.1374570446735317,0.1374570446735317,True,291.0
1219,nutrition_label,250.7,6.8,12.7,27.3,135.0,250.7,0.0,0.0,2,nutrition_table,3,0,0,True,True,-0.11952191235060214,0.11952191235060214,True,251.0
1220,label,510.0,11.0,29.0,51.0,,509.0,1.0,0.19607843137254902,2,nutrition_table,3,0,0,True,False,0.0,0.0,True,510.0
1223,nutrition_label,420.0,5.0,20.0,56.0,,424.0,-4.0,-0.9523809523809524,2,nutrition_table,3,0,0,True,False,0.0,0.0,True,420.0
1224,label,410.0,,,,180.0,0.0,410.0,100.0,2,package_text,3,0,0,True,True,79.82456140350878,79.82456140350878,False,228.0
1227,label,203.5,4.9,9.5,24.6,175.0,203.5,0.0,0.0,2,package_text,3,0,0,True,False,-0.24509803921568626,0.24509803921568626,True,204.0
1229,nutrition_label,350.0,4.5,24.0,30.0,,354.0,-4.0,-1.1428571428571428,2,nutrition_table,3,0,0,True,False,0.0,0.0,True,350.0
1230,nutrition_label,320.0,4.0,17.0,38.0,100.0,321.0,-1.0,-0.3125,2,nutrition_table,3,0,0,True,False,0.0,0.0,True,320.0
1232,nutrition_label,230.0,6.5,11.0,29.0,30.0,241.0,-11.0,-4.782608695652174,2,nutrition_table,3,0,0,True,False,0.0,0.0,True,230.0
1233,nutrition_label,442.5,6.5,24.5,49.0,38.0,442.5,0.0,0.0,2,nutrition_table,3,1,0,True,False,-0.1128668171557562,0.1128668171557562,True,443.0
1234,label,490.0,11.5,29.0,45.0,,487.0,3.0,0.6122448979591837,2,package_text,2,1,0,True,False,0.0,0.0,True,490.0
1235,nutrition_label,540.0,17.0,34.0,42.0,,542.0,-2.0,-0.3703703703703704,2,nutrition_table,2,1,0,True,False,0.0,0.0,True,540.0
1236,label,440.0,6.0,28.0,39.0,,432.0,8.0,1.8181818181818181,2,package_text,3,1,0,True,False,0.0,0.0,True,440.0
1237,label,390.0,11.0,10.0,64.0,33.0,390.0,0.0,0.0,2,nutrition_table,3,0,0,True,False,0.0,0.0,True,390.0
1247,nutrition_label,370.0,5.0,20.0,41.0,,364.0,6.0,1.6216216216216217,2,nutrition_table,3,1,0,True,False,0.0,0.0,True,370.0
1242,nutrition_label,350.0,5.0,24.0,28.0,70.0,348.0,2.0,0.5714285714285714,2,nutrition_table,3,0,0,True,False,0.0,0.0,True,350.0
1241,nutrition_label,370.0,5.0,25.0,32.0,70.0,373.0,-3.0,-0.8108108108108109,2,nutrition_table,2,0,0,True,False,0.0,0.0,True,370.0
1248,nutrition_label,374.0,7.5,21.8,36.9,140.0,373.8,0.19999999999998863,0.05347593582887397,2,nutrition_table,3,0,0,True,False,0.0,0.0,True,374.0
1253,nutrition_label,186.9,11.4,8.9,15.3,150.0,186.90000000000003,-2.842170943040401e-14,-1.5206907132372394e-14,2,nutrition_table,3,1,0,True,True,-0.05347593582887397,0.05347593582887397,True,187.0
1254,nutrition_label,440.0,7.0,17.0,64.0,80.0,437.0,3.0,0.6818181818181818,2,nutrition_table,3,1,0,True,False,0.0,0.0,True,440.0
1259,nutrition_label,248.0,6.0,22.0,14.0,200.0,278.0,-30.0,-12.096774193548388,2,nutrition_table,3,0,0,True,True,0.0,0.0,True,248.0
1264,label,356.0,9.0,20.5,33.9,40.0,356.1,-0.10000000000002274,-0.028089887640455828,2,package_text,3,0,0,True,False,0.0,0.0,True,356.0
1266,label,560.0,,39.5,44.8,60.0,534.7,25.299999999999955,4.517857142857134,2,package_text,3,0,0,True,False,0.0,0.0,True,560.0
1267,label,236.8,10.0,8.0,30.6,0.118,234.4,2.4000000000000057,1.0135135135135158,2,package_text,3,0,0,True,False,-0.08438818565400363,0.08438818565400363,True,237.0
1268,nutrition_label,240.0,3.7,14.7,22.5,100.0,237.1,2.9000000000000057,1.2083333333333357,2,nutrition_table,3,0,0,True,False,0.0,0.0,True,240.0
1270,label,344.0,5.6,21.1,31.7,65.0,339.1,4.899999999999977,1.4244186046511562,2,package_text,3,0,0,True,False,0.0,0.0,True,344.0
1285,nutrition_label,556.0,9.5,35.0,48.0,,545.0,11.0,1.9784172661870503,2,nutrition_table,3,0,0,True,False,0.0,0.0,True,556.0
1281,label,277.0,4.5,20.6,18.4,210.0,277.0,0.0,0.0,2,nutrition_table,3,0,0,True,True,0.0,0.0,True,277.0
1282,nutrition_label,506.0,5.2,25.0,64.0,,501.8,4.199999999999989,0.8300395256916974,2,nutrition_table,3,1,0,True,False,0.0,0.0,True,506.0
1283,nutrition_label,370.0,18.0,28.0,15.0,70.0,384.0,-14.0,-3.783783783783784,2,nutrition_table,3,0,0,True,False,0.0,0.0,True,370.0
1284,nutrition_label,143.0,6.5,9.0,15.0,40.0,167.0,-24.0,-16.783216783216783,2,nutrition_table,2,0,0,True,False,0.0,0.0,True,143.0
1289,nutrition_label,309.0,5.8,8.9,50.6,75.0,305.70000000000005,3.2999999999999545,1.067961165048529,2,nutrition_table,3,1,0,True,False,0.0,0.0,True,309.0
1292,label,238.0,6.1,22.2,3.5,100.0,238.2,-0.19999999999998863,-0.08403361344537337,2,package_text,3,0,0,True,False,0.0,0.0,True,238.0
1293,nutrition_label,136.2,14.7,8.6,,150.0,136.2,0.0,0.0,2,nutrition_table,3,0,0,True,False,0.14705882352940342,0.14705882352940342,True,136.0
1302,nutrition_label,258.0,3.0,14.0,30.0,,258.0,0.0,0.0,2,nutrition_table,3,1,0,True,False,0.0,0.0,True,258.0
1303,nutrition_label,198.1,4.4,10.9,20.6,140.0,198.10000000000002,-2.842170943040401e-14,-1.4347152665524486e-14,2,nutrition_table,3,1,0,True,False,0.05050505050504763,0.05050505050504763,True,198.0
1305,nutrition_label,385.5,0.5,3.0,92.1,,397.4,-11.899999999999977,-3.0869001297016805,2,nutrition_table,3,0,0,True,False,-0.1295336787564767,0.1295336787564767,True,386.0
1308,nutrition_label,197.6,7.54,5.2,29.9,260.0,196.56,1.039999999999992,0.5263157894736802,2,nutrition_table,3,0,0,True,False,160.0,160.0,False,76.0
1340,nutrition_label,480.0,6.8,6.6,2.5,45.0,96.6,383.4,79.875,2,nutrition_table,3,0,0,True,False,317.39130434782606,317.39130434782606,False,115.0
1313,nutrition_label,551.8,6.2,35.0,53.0,100.0,551.8,0.0,0.0,2,nutrition_table,3,0,0,True,False,-0.03623188405797925,0.03623188405797925,True,552.0
1314,nutrition_label,230.0,2.3,17.0,15.7,,225.0,5.0,2.1739130434782608,2,nutrition_table,3,1,0,True,False,-34.285714285714285,34.285714285714285,False,350.0
1315,label,140.0,,,,100.0,0.0,140.0,100.0,2,package_text,3,1,0,True,False,0.0,0.0,True,140.0
1317,nutrition_label,479.0,70.0,27.0,52.0,100.0,731.0,-252.0,-52.609603340292274,2,nutrition_table,3,0,0,True,False,0.0,0.0,True,479.0
1332,label,400.0,5.9,23.4,41.6,90.0,400.6,-0.6000000000000227,-0.15000000000000568,2,package_text,3,0,0,True,False,0.0,0.0,True,400.0
1333,label,390.0,5.0,14.0,60.0,115.0,386.0,4.0,1.0256410256410255,2,package_text,3,0,0,True,False,0.0,0.0,True,390.0
1334,nutrition_label,202.0,,9.2,16.8,69.0,150.0,52.0,25.742574257425744,2,nutrition_table,2,0,0,True,False,0.0,0.0,True,202.0
1335,nutrition_label,280.0,5.0,16.0,29.0,,280.0,0.0,0.0,2,nutrition_table,3,0,0,True,False,0.0,0.0,True,280.0
1337,nutrition_label,105.0,1.2,5.6,12.0,20.0,103.19999999999999,1.8000000000000114,1.714285714285725,2,nutrition_table,3,0,0,True,False,0.0,0.0,True,105.0
1342,nutrition_label,352.0,,,,55.0,0.0,352.0,100.0,2,nutrition_table,3,1,0,True,False,0.0,0.0,True,352.0
1360,nutrition_label,432.0,5.6,25.9,44.2,76.0,432.3,-0.30000000000001137,-0.06944444444444707,2,nutrition_table,3,0,0,True,False,0.0,0.0,True,432.0
1364,nutrition_label,304.5,15.0,22.5,10.5,150.0,304.5,0.0,0.0,2,nutrition_table,3,0,0,True,True,-0.16393442622950818,0.16393442622950818,True,305.0
1365,label,420.0,5.5,17.0,60.0,,415.0,5.0,1.1904761904761905,2,package_text,2,0,0,True,False,0.0,0.0,True,420.0
1367,nutrition_label,255.4,9.6,,28.6,200.0,152.8,102.6,40.17227877838684,2,nutrition_table,3,1,0,True,True,0.15686274509804143,0.15686274509804143,True,255.0
1378,nutrition_label,332.0,0.0,0.0,83.0,90.0,332.0,0.0,0.0,2,nutrition_table,3,0,0,True,False,0.0,0.0,True,332.0
1399,nutrition_label,261.3,2.2,8.5,44.0,,261.3,0.0,0.0,2,nutrition_table,3,1,0,True,False,0.11494252873563654,0.11494252873563654,True,261.0
1403,nutrition_label,110.0,6.8,3.6,12.7,,110.39999999999999,-0.3999999999999915,-0.3636363636363559,2,nutrition_table,3,0,0,True,True,0.0,0.0,True,110.0
1404,label,111.0,6.8,3.6,12.9,,111.19999999999999,-0.19999999999998863,-0.18018018018016996,2,package_text,3,1,0,True,False,0.0,0.0,True,111.0
1405,label,111.0,6.8,3.6,12.9,,111.19999999999999,-0.19999999999998863,-0.18018018018016996,2,package_text,3,0,0,True,False,0.0,0.0,True,111.0
1406,nutrition_label,87.0,7.0,1.7,11.0,,87.3,-0.29999999999999716,-0.3448275862068933,2,nutrition_table,3,0,0,True,False,0.0,0.0,True,87.0
1409,nutrition_label,374.4,7.0,23.6,33.5,50.0,374.4,0.0,0.0,2,nutrition_table,3,0,0,True,False,0.10695187165774794,0.10695187165774794,True,374.0
1410,nutrition_label,324.0,4.0,0.0,77.0,55.0,324.0,0.0,0.0,2,nutrition_table,3,1,0,True,False,0.0,0.0,True,324.0
1413,nutrition_label,74.3,1.4,4.3,7.5,270.0,74.3,0.0,0.0,2,nutrition_table,3,0,0,True,True,0.40540540540540154,0.40540540540540154,True,74.0
1424,nutrition_label,524.0,4.3,30.0,59.0,,523.2,0.7999999999999545,0.15267175572518216,2,nutrition_table,3,0,0,True,False,0.0,0.0,True,524.0
1414,label,420.0,10.0,11.0,69.0,,415.0,5.0,1.1904761904761905,2,nutrition_table,3,1,0,False,True,0.0,0.0,True,420.0
1416,nutrition_label,535.0,6.5,32.0,53.0,100.0,526.0,9.0,1.6822429906542056,2,nutrition_table,3,0,0,True,False,0.0,0.0,True,535.0
1421,nutrition_label,77.0,2.8,2.0,12.0,120.0,77.2,-0.20000000000000284,-0.25974025974026343,2,nutrition_table,3,0,0,True,False,0.0,0.0,True,77.0
1422,label,477.0,,,,220.0,0.0,477.0,100.0,2,package_text,3,0,0,False,True,0.0,0.0,True,477.0
1427,nutrition_label,300.0,3.3,11.0,30.0,,232.2,67.80000000000001,22.600000000000005,2,nutrition_table,3,1,0,True,False,0.0,0.0,True,300.0
1439,nutrition_label,540.0,6.0,32.0,54.0,100.0,528.0,12.0,2.2222222222222223,2,nutrition_table,3,1,0,True,False,0.0,0.0,True,540.0
1436,nutrition_label,360.0,6.5,0.5,83.0,,362.5,-2.5,-0.6944444444444444,2,nutrition_table,3,1,0,True,False,0.0,0.0,True,360.0
1433,nutrition_label,237.3,26.4,12.9,3.9,0.38,237.29999999999998,2.842170943040401e-14,1.1977121546735781e-14,2,nutrition_table,3,0,0,True,False,0.12658227848101744,0.12658227848101744,True,237.0
1445,nutrition_label,293.0,8.2,13.6,34.3,300.0,292.4,0.6000000000000227,0.2047781569965948,2,nutrition_table,3,1,0,False,False,0.0,0.0,True,293.0
1457,nutrition_label,404.0,20.37,22.26,30.45,210.0,403.62,0.37999999999999545,0.09405940594059292,2,nutrition_table,3,0,0,True,True,110.41666666666667,110.41666666666667,False,192.0
1467,nutrition_label,505.0,4.8,28.5,57.0,21.0,503.7,1.3000000000000114,0.2574257425742597,2,nutrition_table,3,0,0,True,False,0.0,0.0,True,505.0
1469,label,58.0,2.9,3.2,4.7,2000.0,59.2,-1.2000000000000028,-2.0689655172413843,2,package_text,3,0,0,True,False,-3.3333333333333335,3.3333333333333335,True,60.0
1477,product,140.0,5.0,1.0,29.0,200.0,145.0,-5.0,-3.571428571428571,1,visual_estimate,0,1,1,True,False,-54.83870967741935,54.83870967741935,False,310.0
1481,nutrition_label,356.0,4.7,0.0,84.3,55.0,356.0,0.0,0.0,2,nutrition_table,3,0,0,True,False,0.0,0.0,True,356.0
1482,product,200.0,20.0,12.0,6.0,140.0,212.0,-12.0,-6.0,0,visual_estimate,0,1,1,False,False,4.166666666666666,4.166666666666666,True,192.0
1489,nutrition_label,455.0,9.5,22.3,51.8,39.0,445.9,9.100000000000023,2.000000000000005,2,nutrition_table,3,1,0,True,False,0.0,0.0,True,455.0
1497,label,2.0,,,0.5,,2.0,0.0,0.0,2,package_text,3,1,0,True,False,0.0,0.0,True,2.0
1500,nutrition_label,250.0,,0.5,57.0,85.0,232.5,17.5,7.000000000000001,2,nutrition_table,3,0,0,True,False,0.0,0.0,True,250.0
1501,nutrition_label,288.0,4.0,0.1,68.0,100.0,288.9,-0.8999999999999773,-0.3124999999999921,2,nutrition_table,3,0,0,True,False,0.0,0.0,True,288.0
1520,product,41.0,0.9,0.2,9.6,,43.8,-2.799999999999997,-6.8292682926829205,2,visual_estimate,0,1,0,True,False,0.0,0.0,True,41.0
1546,nutrition_label,230.2,6.1,11.8,24.9,100.0,230.2,0.0,0.0,2,nutrition_table,3,1,0,True,False,0.08695652173912549,0.08695652173912549,True,230.0
1527,product,41.0,0.9,0.2,9.6,60.0,43.8,-2.799999999999997,-6.8292682926829205,2,visual_estimate,0,0,0,True,False,0.0,0.0,True,41.0
1528,product,41.0,0.9,0.2,9.6,,43.8,-2.799999999999997,-6.8292682926829205,2,visual_estimate,0,0,0,True,False,0.0,0.0,True,41.0
1529,product,41.0,0.9,0.2,9.6,,43.8,-2.799999999999997,-6.8292682926829205,2,visual_estimate,0,0,0,True,False,0.0,0.0,True,41.0
1554,nutrition_label,235.6,3.1,16.8,18.0,250.0,235.60000000000002,-2.842170943040401e-14,-1.2063543900850598e-14,2,nutrition_table,3,0,0,True,True,-0.16949152542373122,0.16949152542373122,True,236.0
1556,nutrition_label,589.0,5.9,41.0,49.0,100.0,588.6,0.39999999999997726,0.06791171477079411,2,nutrition_table,3,0,0,True,False,0.0,0.0,True,589.0
1544,nutrition_label,317.0,6.0,12.7,34.5,500.0,276.3,40.69999999999999,12.839116719242899,2,nutrition_table,3,0,0,False,True,0.0,0.0,True,317.0
1545,nutrition_label,315.6,5.4,17.6,33.9,,315.6,0.0,0.0,2,nutrition_table,3,1,0,True,False,-0.12658227848100545,0.12658227848100545,True,316.0
1547,nutrition_label,413.2,3.7,25.6,42.0,500.0,413.20000000000005,-5.684341886080802e-14,-1.3756877749469508e-14,2,nutrition_table,3,1,0,True,False,0.04842615012106262,0.04842615012106262,True,413.0
1549,nutrition_label,529.6,8.4,32.0,52.0,100.0,529.6,0.0,0.0,2,nutrition_table,3,0,0,True,False,-0.07547169811320326,0.07547169811320326,True,530.0
1551,nutrition_label,590.0,11.0,45.0,36.0,150.0,593.0,-3.0,-0.5084745762711864,2,nutrition_table,3,0,0,True,False,0.0,0.0,True,590.0
1558,nutrition_label,563.0,7.6,36.1,50.0,250.0,555.3,7.7000000000000455,1.3676731793961003,2,nutrition_table,3,1,0,False,True,0.0,0.0,True,563.0
1565,product,95.0,7.8,6.8,0.6,61.0,94.8,0.20000000000000284,0.21052631578947667,2,visual_estimate,3,0,0,True,False,-38.311688311688314,38.311688311688314,False,154.0
1568,product,13.0,0.3,0.05,3.0,30.0,13.65,-0.6500000000000004,-5.000000000000003,2,visual_estimate,0,0,0,True,False,-68.29268292682927,68.29268292682927,False,41.0
1550,label,590.0,11.0,45.0,36.0,150.0,593.0,-3.0,-0.5084745762711864,2,package_text,3,1,0,True,False,0.0,0.0,True,590.0
1571,nutrition_label,590.0,11.0,45.0,36.0,150.0,593.0,-3.0,-0.5084745762711864,2,nutrition_table,3,1,0,True,False,0.0,0.0,True,590.0
1574,product,150.0,5.0,1.5,30.0,150.0,153.5,-3.5,-2.3333333333333335,1,visual_estimate,0,0,1,True,False,-55.88235294117647,55.88235294117647,False,340.0
1583,nutrition_label,170.0,,,,130.0,0.0,170.0,100.0,2,nutrition_table,3,0,0,True,False,29.770992366412212,29.770992366412212,False,131.0
1576,label,131.0,1.4,9.4,10.1,150.0,130.6,0.4000000000000057,0.305343511450386,2,package_text,3,0,0,True,False,0.0,0.0,True,131.0
1589,nutrition_label,362.1,9.9,18.4,39.2,,362.0,0.10000000000002274,0.027616680475013183,2,nutrition_table,3,1,0,False,True,0.027624309392271472,0.027624309392271472,True,362.0
1584,nutrition_label,131.0,5.5,5.6,14.6,130.0,130.8,0.19999999999998863,0.15267175572518216,2,nutrition_table,3,0,0,True,False,0.0,0.0,True,131.0
1590,label,362.1,,,,160.0,0.0,362.1,100.0,2,package_text,3,0,0,False,True,0.027624309392271472,0.027624309392271472,True,362.0
1587,product,628.0,7.2,48.6,38.3,10.0,619.4000000000001,8.599999999999909,1.3694267515923422,1,visual_estimate,0,0,1,True,False,0.0,0.0,True,628.0
